[INFO] SlowdownTest config:
  path       = /home/hb478/repos/GTSlowdownSchedular/FinalBuboTests/WithoutProbe/AWFY
  benchmark  = Mandelbrot
  iterations = 500
  lowFootPrint   = false
  compilerReplay = true
  identifer      = AUTO_PIPELINE
Running: [vtune, -collect, hotspots, -r /home/hb478/repos/GTSlowdownSchedular/Data/2026_01_28_20_48_54_NormalRun, -knob, sampling-mode=hw, -quiet, -knob, enable-stack-collection=false, --app-working-dir=/home/hb478/repos/are-we-fast-yet/benchmarks/Java/src, --, /home/hb478/repos/graal-instrumentation/vm/latest_graalvm_home/bin/java, -Djdk.graal.LIRGTSlowDown=false, -Djdk.graal.GTMarkBasicBlocks=false, -Djdk.graal.IsolatedLoopHeaderAlignment=0, -Djdk.graal.LoopHeaderAlignment=0, -XX:+UseJVMCICompiler, -XX:+UseJVMCINativeLibrary, -XX:-TieredCompilation, -XX:-BackgroundCompilation, -Djdk.graal.GTAssignDebug=true, -agentpath:/home/hb478/repos/are-we-fast-yet/Async/async-profiler-4.2.1-linux-x64/lib/libasyncProfiler.so=start,event=cpu,interval=10ms,file=/home/hb478/repos/BuboExperiments/LoopProfiling/TestAsyncJFRRunToPlot/rawdata/async/AWFY/Mandelbrot/WithoutProbe/cpu_10ms/AUTO_PIPELINE/Mandelbrot_async_no_slowdown.txt, -Djdk.graal.TrackNodeSourcePosition=true, -Djdk.graal.HumphreysDebugData=true, -Djdk.graal.StrictProfiles=false, -Djdk.graal.LoadProfiles=/home/hb478/repos/GTSlowdownSchedular/Data/2026_01_28_20_48_54_CompilerReplay, -cp, /home/hb478/repos/are-we-fast-yet/benchmarks/Java/benchmarks.jar, Harness, Mandelbrot, 500, 750]
vtune: Warning: To profile kernel modules during the session, make sure they are available in the /lib/modules/kernel_version/ location.
Picked up JAVA_TOOL_OPTIONS: -agentlib:amplxe_samplingmrte_javaprof_1.0 -Dsun.boot.library.path=/opt/intel/oneapi/vtune/2025.0/lib32/runtime:/opt/intel/oneapi/vtune/2025.0/lib64/runtime
Could not locate BlockSlowdown.json
Skipping Loading (this might cause a fatal crash if GTSlowdown is on)
=== HumphreysDebugDataPhase ===
Compilation: 2-java.lang.module.ModuleDescriptor.name()
Number of loops: 0

Block 0
  Successors:
  Predecessors:
  In loop: <none>
  Source positions in block:
    HotSpotMethod<ModuleDescriptor.name()>
 BuboLoopMakers: 

=== End HumphreysDebugDataPhase ===
=== HumphreysDebugDataPhase ===
Compilation: 4-java.lang.module.ModuleReference.descriptor()
Number of loops: 0

Block 0
  Successors:
  Predecessors:
  In loop: <none>
  Source positions in block:
    HotSpotMethod<ModuleReference.descriptor()>
 BuboLoopMakers: 

=== End HumphreysDebugDataPhase ===
=== HumphreysDebugDataPhase ===
Compilation: 8-java.lang.Enum.ordinal()
Number of loops: 0

Block 0
  Successors:
  Predecessors:
  In loop: <none>
  Source positions in block:
    HotSpotMethod<Enum.ordinal()>
 BuboLoopMakers: 

=== End HumphreysDebugDataPhase ===
=== HumphreysDebugDataPhase ===
Compilation: 10-java.lang.Class.isPrimitive()
Number of loops: 0

Block 0
  Successors:
  Predecessors:
  In loop: <none>
  Source positions in block:
    HotSpotMethod<Class.isPrimitive()>
 BuboLoopMakers: 

=== End HumphreysDebugDataPhase ===
=== HumphreysDebugDataPhase ===
Compilation: 16-jdk.internal.util.StrongReferenceKey.get()
Number of loops: 0

Block 0
  Successors:
  Predecessors:
  In loop: <none>
  Source positions in block:
    HotSpotMethod<StrongReferenceKey.get()>
 BuboLoopMakers: 

=== End HumphreysDebugDataPhase ===
=== HumphreysDebugDataPhase ===
Compilation: 22-java.lang.Class.getClassLoader()
Number of loops: 0

Block 0
  Successors:
  Predecessors:
  In loop: <none>
  Source positions in block:
    HotSpotMethod<Class.getClassLoader()>
 BuboLoopMakers: 

=== End HumphreysDebugDataPhase ===
=== HumphreysDebugDataPhase ===
Compilation: 23-java.lang.invoke.MethodType.returnType()
Number of loops: 0

Block 0
  Successors:
  Predecessors:
  In loop: <none>
  Source positions in block:
    HotSpotMethod<MethodType.returnType()>
 BuboLoopMakers: 

=== End HumphreysDebugDataPhase ===
=== HumphreysDebugDataPhase ===
Compilation: 25-jdk.internal.classfile.impl.AbstractPoolEntry.index()
Number of loops: 0

Block 0
  Successors:
  Predecessors:
  In loop: <none>
  Source positions in block:
    HotSpotMethod<AbstractPoolEntry.index()>
 BuboLoopMakers: 

=== End HumphreysDebugDataPhase ===
=== HumphreysDebugDataPhase ===
Compilation: 29-java.lang.invoke.MemberName.getDeclaringClass()
Number of loops: 0

Block 0
  Successors:
  Predecessors:
  In loop: <none>
  Source positions in block:
    HotSpotMethod<MemberName.getDeclaringClass()>
 BuboLoopMakers: 

=== End HumphreysDebugDataPhase ===
=== HumphreysDebugDataPhase ===
Compilation: 32-java.lang.invoke.MethodType.form()
Number of loops: 0

Block 0
  Successors:
  Predecessors:
  In loop: <none>
  Source positions in block:
    HotSpotMethod<MethodType.form()>
 BuboLoopMakers: 

=== End HumphreysDebugDataPhase ===
=== HumphreysDebugDataPhase ===
Compilation: 34-java.util.stream.FindOps$FindSink.cancellationRequested()
Number of loops: 0

Block 0
  Successors:
  Predecessors:
  In loop: <none>
  Source positions in block:
    HotSpotMethod<FindOps$FindSink.cancellationRequested()>
 BuboLoopMakers: 

=== End HumphreysDebugDataPhase ===
=== HumphreysDebugDataPhase ===
Compilation: 35-java.lang.Object.<init>()
Number of loops: 0

Block 0
  Successors:
  Predecessors:
  In loop: <none>
  Source positions in block:
    HotSpotMethod<Object.<init>()>
 BuboLoopMakers: 

=== End HumphreysDebugDataPhase ===
=== HumphreysDebugDataPhase ===
Compilation: 36-java.lang.String.hashCode()
Number of loops: 0

Block 0
  Successors:
    -> 1
    -> 9
  Predecessors:
  In loop: <none>
  Source positions in block:
    HotSpotMethod<String.hashCode()>
 BuboLoopMakers: 

Block 1
  Successors:
    -> 2
    -> 9
  Predecessors:
    <- 0
  In loop: <none>
  Source positions in block:
    HotSpotMethod<String.hashCode()>
 BuboLoopMakers: 

Block 2
  Successors:
    -> 3
    -> 6
  Predecessors:
    <- 1
  In loop: <none>
  Source positions in block:
    HotSpotMethod<String.hashCode()>
    HotSpotMethod<StringLatin1.hashCode(byte[])>
 BuboLoopMakers: 

Block 3
  Successors:
    -> 4
    -> 5
  Predecessors:
    <- 2
  In loop: <none>
  Source positions in block:
    HotSpotMethod<String.hashCode()>
    HotSpotMethod<StringLatin1.hashCode(byte[])>
 BuboLoopMakers: 

Block 4
  Successors:
  Predecessors:
    <- 3
  In loop: <none>
  Source positions in block:
    HotSpotMethod<String.hashCode()>
 BuboLoopMakers: 

Block 5
  Successors:
    -> 9
  Predecessors:
    <- 3
  In loop: <none>
  Source positions in block:
    HotSpotMethod<String.hashCode()>
 BuboLoopMakers: 

Block 6
  Successors:
  Predecessors:
    <- 2
  In loop: <none>
  Source positions in block:
    HotSpotMethod<String.hashCode()>
    HotSpotMethod<StringLatin1.hashCode(byte[])>
 BuboLoopMakers: 

Block 7
  Successors:
    -> 9
  Predecessors:
    <- 1
  In loop: <none>
  Source positions in block:
    HotSpotMethod<StringLatin1.hashCode(byte[])>
    HotSpotMethod<String.hashCode()>
 BuboLoopMakers: 

Block 8
  Successors:
    -> 9
  Predecessors:
    <- 0
  In loop: <none>
  Source positions in block:
    HotSpotMethod<String.hashCode()>
 BuboLoopMakers: 

Block 9
  Successors:
  Predecessors:
    <- 0
    <- 1
    <- 5
  In loop: <none>
  Source positions in block:
    HotSpotMethod<String.hashCode()>
 BuboLoopMakers: 

=== End HumphreysDebugDataPhase ===
=== HumphreysDebugDataPhase ===
Compilation: 37-jdk.internal.module.ModuleReferenceImpl.moduleResolution()
Number of loops: 0

Block 0
  Successors:
  Predecessors:
  In loop: <none>
  Source positions in block:
    HotSpotMethod<ModuleReferenceImpl.moduleResolution()>
 BuboLoopMakers: 

=== End HumphreysDebugDataPhase ===
=== HumphreysDebugDataPhase ===
Compilation: 38-java.lang.module.ModuleDescriptor$Requires.modifiers()
Number of loops: 0

Block 0
  Successors:
  Predecessors:
  In loop: <none>
  Source positions in block:
    HotSpotMethod<ModuleDescriptor$Requires.modifiers()>
 BuboLoopMakers: 

=== End HumphreysDebugDataPhase ===
=== HumphreysDebugDataPhase ===
Compilation: 39-java.lang.module.ModuleDescriptor$Requires.name()
Number of loops: 0

Block 0
  Successors:
  Predecessors:
  In loop: <none>
  Source positions in block:
    HotSpotMethod<ModuleDescriptor$Requires.name()>
 BuboLoopMakers: 

=== End HumphreysDebugDataPhase ===
=== HumphreysDebugDataPhase ===
Compilation: 40-java.lang.module.ModuleDescriptor.requires()
Number of loops: 0

Block 0
  Successors:
  Predecessors:
  In loop: <none>
  Source positions in block:
    HotSpotMethod<ModuleDescriptor.requires()>
 BuboLoopMakers: 

=== End HumphreysDebugDataPhase ===
=== HumphreysDebugDataPhase ===
Compilation: 41-java.lang.module.ModuleDescriptor.isAutomatic()
Number of loops: 0

Block 0
  Successors:
  Predecessors:
  In loop: <none>
  Source positions in block:
    HotSpotMethod<ModuleDescriptor.isAutomatic()>
 BuboLoopMakers: 

=== End HumphreysDebugDataPhase ===
=== HumphreysDebugDataPhase ===
Compilation: 42-java.util.HashMap$Node.getKey()
Number of loops: 0

Block 0
  Successors:
  Predecessors:
  In loop: <none>
  Source positions in block:
    HotSpotMethod<HashMap$Node.getKey()>
 BuboLoopMakers: 

=== End HumphreysDebugDataPhase ===
=== HumphreysDebugDataPhase ===
Compilation: 43-java.util.HashMap$Node.getValue()
Number of loops: 0

Block 0
  Successors:
  Predecessors:
  In loop: <none>
  Source positions in block:
    HotSpotMethod<HashMap$Node.getValue()>
 BuboLoopMakers: 

=== End HumphreysDebugDataPhase ===
=== HumphreysDebugDataPhase ===
Compilation: 44-java.util.ImmutableCollections$Set12.isEmpty()
Number of loops: 0

Block 0
  Successors:
  Predecessors:
  In loop: <none>
  Source positions in block:
    HotSpotMethod<ImmutableCollections$Set12.isEmpty()>
 BuboLoopMakers: 

=== End HumphreysDebugDataPhase ===
=== HumphreysDebugDataPhase ===
Compilation: 45-java.lang.module.ModuleDescriptor$Exports.source()
Number of loops: 0

Block 0
  Successors:
  Predecessors:
  In loop: <none>
  Source positions in block:
    HotSpotMethod<ModuleDescriptor$Exports.source()>
 BuboLoopMakers: 

=== End HumphreysDebugDataPhase ===
=== HumphreysDebugDataPhase ===
Compilation: 46-java.lang.module.ModuleDescriptor$Exports.targets()
Number of loops: 0

Block 0
  Successors:
  Predecessors:
  In loop: <none>
  Source positions in block:
    HotSpotMethod<ModuleDescriptor$Exports.targets()>
 BuboLoopMakers: 

=== End HumphreysDebugDataPhase ===
=== HumphreysDebugDataPhase ===
Compilation: 47-java.lang.module.ModuleDescriptor.provides()
Number of loops: 0

Block 0
  Successors:
  Predecessors:
  In loop: <none>
  Source positions in block:
    HotSpotMethod<ModuleDescriptor.provides()>
 BuboLoopMakers: 

=== End HumphreysDebugDataPhase ===
=== HumphreysDebugDataPhase ===
Compilation: 48-java.lang.module.ModuleDescriptor.exports()
Number of loops: 0

Block 0
  Successors:
  Predecessors:
  In loop: <none>
  Source positions in block:
    HotSpotMethod<ModuleDescriptor.exports()>
 BuboLoopMakers: 

=== End HumphreysDebugDataPhase ===
=== HumphreysDebugDataPhase ===
Compilation: 49-java.util.Objects.requireNonNull(Object)
Number of loops: 0

Block 0
  Successors:
  Predecessors:
  In loop: <none>
  Source positions in block:
    HotSpotMethod<Objects.requireNonNull(Object)>
 BuboLoopMakers: 

=== End HumphreysDebugDataPhase ===
=== HumphreysDebugDataPhase ===
Compilation: 50-java.lang.module.ModuleDescriptor.uses()
Number of loops: 0

Block 0
  Successors:
  Predecessors:
  In loop: <none>
  Source positions in block:
    HotSpotMethod<ModuleDescriptor.uses()>
 BuboLoopMakers: 

=== End HumphreysDebugDataPhase ===
=== HumphreysDebugDataPhase ===
Compilation: 51-java.util.ImmutableCollections$SetN$SetNIterator.hasNext()
Number of loops: 0

Block 0
  Successors:
  Predecessors:
  In loop: <none>
  Source positions in block:
    HotSpotMethod<ImmutableCollections$SetN$SetNIterator.hasNext()>
 BuboLoopMakers: 

=== End HumphreysDebugDataPhase ===
=== HumphreysDebugDataPhase ===
Compilation: 52-java.util.ImmutableCollections$SetN$SetNIterator.next()
Number of loops: 1

Block 0
  Successors:
    -> 1
    -> 2
  Predecessors:
  In loop: <none>
  Source positions in block:
    HotSpotMethod<ImmutableCollections$SetN$SetNIterator.next()>
 BuboLoopMakers: 

Block 1
  Successors:
  Predecessors:
    <- 0
  In loop: <none>
  Source positions in block:
    HotSpotMethod<ImmutableCollections$SetN$SetNIterator.next()>
 BuboLoopMakers: 

Block 2
  Successors:
    -> 3
    -> 5
  Predecessors:
    <- 0
  In loop: <none>
  Source positions in block:
    HotSpotMethod<ImmutableCollections$SetN$SetNIterator.next()>
 BuboLoopMakers: 

Block 3
  Successors:
    -> 5
  Predecessors:
    <- 2
  In loop: <none>
  Source positions in block:
    HotSpotMethod<ImmutableCollections$SetN$SetNIterator.next()>
 BuboLoopMakers: 

Block 4
  Successors:
    -> 5
  Predecessors:
    <- 2
  In loop: <none>
  Source positions in block:
    HotSpotMethod<ImmutableCollections$SetN$SetNIterator.next()>
 BuboLoopMakers: 

Block 5
  Successors:
    -> 6
    -> 18
  Predecessors:
    <- 2
    <- 3
  In loop: <none>
  Source positions in block:
    HotSpotMethod<ImmutableCollections$SetN$SetNIterator.next()>
 BuboLoopMakers: 

Block 6
  Successors:
    -> 7
    -> 16
  Predecessors:
    <- 5
  In loop: <none>
  Source positions in block:
    HotSpotMethod<ImmutableCollections$SetN$SetNIterator.next()>
 BuboLoopMakers: 

Block 7
  Successors:
    -> 8
  Predecessors:
    <- 6
  In loop: <none>
  Source positions in block:
    HotSpotMethod<ImmutableCollections$SetN$SetNIterator.next()>
 BuboLoopMakers: 

Block 8
  Successors:
    -> 9
    -> 10
  Predecessors:
    <- 7
    <- 13
  In loop: L0
  Source positions in block:
    HotSpotMethod<BuboAgentCompilerMarkers.Marker0()>
 BuboLoopMakers: 

Block 9
  Successors:
    -> 11
  Predecessors:
    <- 8
  In loop: L0
  Source positions in block:
    HotSpotMethod<BuboAgentCompilerMarkers.Marker0()>
 BuboLoopMakers: 

Block 10
  Successors:
    -> 11
  Predecessors:
    <- 8
  In loop: L0
  Source positions in block:
    HotSpotMethod<BuboAgentCompilerMarkers.Marker0()>
 BuboLoopMakers: 

Block 11
  Successors:
    -> 12
    -> 15
  Predecessors:
    <- 10
    <- 9
  In loop: L0
  Source positions in block:
    HotSpotMethod<BuboAgentCompilerMarkers.Marker0()>
 BuboLoopMakers: 

Block 12
  Successors:
    -> 13
    -> 14
  Predecessors:
    <- 11
  In loop: L0
  Source positions in block:
    HotSpotMethod<BuboAgentCompilerMarkers.Marker0()>
 BuboLoopMakers: 

Block 13
  Successors:
    -> 8
  Predecessors:
    <- 12
  In loop: L0
  Source positions in block:
    HotSpotMethod<BuboAgentCompilerMarkers.Marker0()>
 BuboLoopMakers: 

Block 14
  Successors:
    -> 17
  Predecessors:
    <- 12
  In loop: <none>
  Source positions in block:
    HotSpotMethod<ImmutableCollections$SetN$SetNIterator.next()>
 BuboLoopMakers: 

Block 15
  Successors:
  Predecessors:
    <- 11
  In loop: <none>
  Source positions in block:
    HotSpotMethod<ImmutableCollections$SetN$SetNIterator.next()>
 BuboLoopMakers: 

Block 16
  Successors:
    -> 17
  Predecessors:
    <- 6
  In loop: <none>
  Source positions in block:
    HotSpotMethod<ImmutableCollections$SetN$SetNIterator.next()>
 BuboLoopMakers: 

Block 17
  Successors:
  Predecessors:
    <- 14
    <- 16
  In loop: <none>
  Source positions in block:
    HotSpotMethod<ImmutableCollections$SetN$SetNIterator.next()>
 BuboLoopMakers: 

Block 18
  Successors:
  Predecessors:
    <- 5
  In loop: <none>
  Source positions in block:
    HotSpotMethod<ImmutableCollections$SetN$SetNIterator.next()>
 BuboLoopMakers: 

=== End HumphreysDebugDataPhase ===
[Use -Djdk.graal.LogFile=<path> to redirect Graal log output to a file.]
java.util.ImmutableCollections$SetN$SetNIterator.next()java.lang.Object -1 codeSignature differs ce3647b6ce7bdbc04cc589e266cee7f485ad8ee56cd99911f8bd67dc02b3240e != 3ebd7591a8a487390491b17f6bf1893dd8d3d0cbebb3582e4492c3d36ffe7e42
java.util.ImmutableCollections$SetN$SetNIterator.next()java.lang.Object -1 graphSignature differs cc325e064e7585e0e6736addc07d3b5b1a1e9ec52f960e7777496af159b5096f != 920e12a7ee41cc3a0a3487d03bd48833bfc4e8d416bdbae7234f8ba199084b4d
=== HumphreysDebugDataPhase ===
Compilation: 53-java.util.HashMap.hash(Object)
Number of loops: 0

Block 0
  Successors:
    -> 1
    -> 10
    -> 18
  Predecessors:
  In loop: <none>
  Source positions in block:
    <none>
 BuboLoopMakers: 

Block 1
  Successors:
    -> 2
    -> 17
  Predecessors:
    <- 0
  In loop: <none>
  Source positions in block:
    HotSpotMethod<String.hashCode()>
 BuboLoopMakers: 

Block 2
  Successors:
    -> 3
    -> 17
  Predecessors:
    <- 1
  In loop: <none>
  Source positions in block:
    HotSpotMethod<String.hashCode()>
 BuboLoopMakers: 

Block 3
  Successors:
    -> 4
    -> 7
  Predecessors:
    <- 2
  In loop: <none>
  Source positions in block:
    HotSpotMethod<String.hashCode()>
    HotSpotMethod<StringLatin1.hashCode(byte[])>
 BuboLoopMakers: 

Block 4
  Successors:
    -> 5
    -> 6
  Predecessors:
    <- 3
  In loop: <none>
  Source positions in block:
    HotSpotMethod<String.hashCode()>
    HotSpotMethod<StringLatin1.hashCode(byte[])>
 BuboLoopMakers: 

Block 5
  Successors:
  Predecessors:
    <- 4
  In loop: <none>
  Source positions in block:
    HotSpotMethod<String.hashCode()>
 BuboLoopMakers: 

Block 6
  Successors:
    -> 17
  Predecessors:
    <- 4
  In loop: <none>
  Source positions in block:
    HotSpotMethod<String.hashCode()>
 BuboLoopMakers: 

Block 7
  Successors:
    -> 19
  Predecessors:
    <- 3
  In loop: <none>
  Source positions in block:
    HotSpotMethod<String.hashCode()>
    HotSpotMethod<HashMap.hash(Object)>
 BuboLoopMakers: 

Block 8
  Successors:
    -> 17
  Predecessors:
    <- 2
  In loop: <none>
  Source positions in block:
    HotSpotMethod<HashMap.hash(Object)>
    HotSpotMethod<String.hashCode()>
 BuboLoopMakers: 

Block 9
  Successors:
    -> 17
  Predecessors:
    <- 1
  In loop: <none>
  Source positions in block:
    HotSpotMethod<String.hashCode()>
 BuboLoopMakers: 

Block 10
  Successors:
    -> 14
    -> 12
  Predecessors:
    <- 0
  In loop: <none>
  Source positions in block:
    HotSpotMethod<ResolvedModule.hashCode()>
    HotSpotMethod<Object.hashCode()>
    SnippetResolvedJavaMethod{name='identityHashCodeSnippet', type=SnippetResolvedJavaType{javaClass=class jdk.graal.compiler.replacements.IdentityHashCodeSnippets}}
 BuboLoopMakers: 

Block 11
  Successors:
    -> 14
  Predecessors:
    <- 10
  In loop: <none>
  Source positions in block:
    SnippetResolvedJavaMethod{name='identityHashCodeSnippet', type=SnippetResolvedJavaType{javaClass=class jdk.graal.compiler.replacements.IdentityHashCodeSnippets}}
 BuboLoopMakers: 

Block 12
  Successors:
    -> 14
    -> 15
  Predecessors:
    <- 10
  In loop: <none>
  Source positions in block:
    SnippetResolvedJavaMethod{name='identityHashCodeSnippet', type=SnippetResolvedJavaType{javaClass=class jdk.graal.compiler.replacements.IdentityHashCodeSnippets}}
    HotSpotMethod<Object.hashCode()>
 BuboLoopMakers: 

Block 13
  Successors:
    -> 14
  Predecessors:
    <- 12
  In loop: <none>
  Source positions in block:
    SnippetResolvedJavaMethod{name='identityHashCodeSnippet', type=SnippetResolvedJavaType{javaClass=class jdk.graal.compiler.replacements.IdentityHashCodeSnippets}}
 BuboLoopMakers: 

Block 14
  Successors:
    -> 16
  Predecessors:
    <- 10
    <- 12
  In loop: <none>
  Source positions in block:
    SnippetResolvedJavaMethod{name='identityHashCodeSnippet', type=SnippetResolvedJavaType{javaClass=class jdk.graal.compiler.replacements.IdentityHashCodeSnippets}}
    HotSpotMethod<ResolvedModule.hashCode()>
 BuboLoopMakers: 

Block 15
  Successors:
    -> 16
  Predecessors:
    <- 12
  In loop: <none>
  Source positions in block:
    SnippetResolvedJavaMethod{name='identityHashCodeSnippet', type=SnippetResolvedJavaType{javaClass=class jdk.graal.compiler.replacements.IdentityHashCodeSnippets}}
    HotSpotMethod<Object.hashCode()>
 BuboLoopMakers: 

Block 16
  Successors:
    -> 17
  Predecessors:
    <- 15
    <- 14
  In loop: <none>
  Source positions in block:
    HotSpotMethod<Object.hashCode()>
    HotSpotMethod<ResolvedModule.hashCode()>
 BuboLoopMakers: 

Block 17
  Successors:
  Predecessors:
    <- 1
    <- 16
    <- 6
    <- 2
  In loop: <none>
  Source positions in block:
    HotSpotMethod<HashMap.hash(Object)>
 BuboLoopMakers: 

Block 18
  Successors:
    -> 19
  Predecessors:
    <- 0
  In loop: <none>
  Source positions in block:
    HotSpotMethod<HashMap.hash(Object)>
 BuboLoopMakers: 

Block 19
  Successors:
  Predecessors:
    <- 18
    <- 7
  In loop: <none>
  Source positions in block:
    HotSpotMethod<HashMap.hash(Object)>
 BuboLoopMakers: 

=== End HumphreysDebugDataPhase ===
java.util.HashMap.hash(java.lang.Object)int -1 codeSignature differs 0e92cc02f34824a61543222dc6430e596e8d7ecc2df21cfdb28e85ef4b85e411 != 5b0761ed052bc7366fe2729a6d91da427a97a7093b869a0384f167d660650728
=== HumphreysDebugDataPhase ===
Compilation: 54-java.lang.module.ModuleDescriptor$Exports.isQualified()
Number of loops: 0

Block 0
  Successors:
    -> 1
    -> 2
    -> 4
  Predecessors:
  In loop: <none>
  Source positions in block:
    HotSpotMethod<ModuleDescriptor$Exports.isQualified()>
 BuboLoopMakers: 

Block 1
  Successors:
    -> 3
  Predecessors:
    <- 0
  In loop: <none>
  Source positions in block:
    HotSpotMethod<ImmutableCollections$SetN.isEmpty()>
 BuboLoopMakers: 

Block 2
  Successors:
    -> 3
  Predecessors:
    <- 0
  In loop: <none>
  Source positions in block:
    <none>
 BuboLoopMakers: 

Block 3
  Successors:
  Predecessors:
    <- 1
    <- 2
  In loop: <none>
  Source positions in block:
    HotSpotMethod<ModuleDescriptor$Exports.isQualified()>
 BuboLoopMakers: 

Block 4
  Successors:
  Predecessors:
    <- 0
  In loop: <none>
  Source positions in block:
    HotSpotMethod<ModuleDescriptor$Exports.isQualified()>
 BuboLoopMakers: 

=== End HumphreysDebugDataPhase ===
java.lang.module.ModuleDescriptor$Exports.isQualified()boolean -1 codeSignature differs 2db0024d03fd3ffcf514f5d7cdadbe5a571738b97420e803644ec3ffe955cb55 != 4564378fbc7dfc488db24814632e10c5c8678e8258ab69d4607911e3043b9e12
=== HumphreysDebugDataPhase ===
Compilation: 55-java.lang.module.ModuleDescriptor$Provides.service()
Number of loops: 0

Block 0
  Successors:
  Predecessors:
  In loop: <none>
  Source positions in block:
    HotSpotMethod<ModuleDescriptor$Provides.service()>
 BuboLoopMakers: 

=== End HumphreysDebugDataPhase ===
=== HumphreysDebugDataPhase ===
Compilation: 56-java.lang.Byte.toUnsignedInt(byte)
Number of loops: 0

Block 0
  Successors:
  Predecessors:
  In loop: <none>
  Source positions in block:
    HotSpotMethod<Byte.toUnsignedInt(byte)>
 BuboLoopMakers: 

=== End HumphreysDebugDataPhase ===
=== HumphreysDebugDataPhase ===
Compilation: 57-java.util.HashMap.putVal(int, Object, Object, boolean, boolean)
Number of loops: 1

Block 0
  Successors:
    -> 1
    -> 2
  Predecessors:
  In loop: <none>
  Source positions in block:
    HotSpotMethod<HashMap.putVal(int, Object, Object, boolean, boolean)>
 BuboLoopMakers: 

Block 1
  Successors:
    -> 5
  Predecessors:
    <- 0
  In loop: <none>
  Source positions in block:
    HotSpotMethod<HashMap.putVal(int, Object, Object, boolean, boolean)>
 BuboLoopMakers: 

Block 2
  Successors:
    -> 3
    -> 4
  Predecessors:
    <- 0
  In loop: <none>
  Source positions in block:
    HotSpotMethod<HashMap.putVal(int, Object, Object, boolean, boolean)>
 BuboLoopMakers: 

Block 3
  Successors:
  Predecessors:
    <- 2
  In loop: <none>
  Source positions in block:
    HotSpotMethod<HashMap.putVal(int, Object, Object, boolean, boolean)>
 BuboLoopMakers: 

Block 4
  Successors:
    -> 5
  Predecessors:
    <- 2
  In loop: <none>
  Source positions in block:
    HotSpotMethod<HashMap.putVal(int, Object, Object, boolean, boolean)>
 BuboLoopMakers: 

Block 5
  Successors:
    -> 6
    -> 61
  Predecessors:
    <- 4
    <- 1
  In loop: <none>
  Source positions in block:
    HotSpotMethod<HashMap.putVal(int, Object, Object, boolean, boolean)>
 BuboLoopMakers: 

Block 6
  Successors:
    -> 7
    -> 30
  Predecessors:
    <- 5
  In loop: <none>
  Source positions in block:
    HotSpotMethod<HashMap.putVal(int, Object, Object, boolean, boolean)>
    HotSpotMethod<HashMap.newNode(int, Object, Object, HashMap$Node)>
 BuboLoopMakers: 

Block 7
  Successors:
    -> 8
    -> 29
  Predecessors:
    <- 6
  In loop: <none>
  Source positions in block:
    HotSpotMethod<HashMap.putVal(int, Object, Object, boolean, boolean)>
 BuboLoopMakers: 

Block 8
  Successors:
    -> 9
    -> 10
  Predecessors:
    <- 7
  In loop: <none>
  Source positions in block:
    HotSpotMethod<HashMap.putVal(int, Object, Object, boolean, boolean)>
    SnippetResolvedJavaMethod{name='allocateInstance', type=SnippetResolvedJavaType{javaClass=class jdk.graal.compiler.hotspot.replacements.HotSpotAllocationSnippets}}
    HotSpotMethod<HashMap.newNode(int, Object, Object, HashMap$Node)>
 BuboLoopMakers: 

Block 9
  Successors:
    -> 11
  Predecessors:
    <- 8
  In loop: <none>
  Source positions in block:
    SnippetResolvedJavaMethod{name='allocateInstance', type=SnippetResolvedJavaType{javaClass=class jdk.graal.compiler.hotspot.replacements.HotSpotAllocationSnippets}}
 BuboLoopMakers: 

Block 10
  Successors:
    -> 11
  Predecessors:
    <- 8
  In loop: <none>
  Source positions in block:
    SnippetResolvedJavaMethod{name='allocateInstance', type=SnippetResolvedJavaType{javaClass=class jdk.graal.compiler.hotspot.replacements.HotSpotAllocationSnippets}}
 BuboLoopMakers: 

Block 11
  Successors:
    -> 12
    -> 23
  Predecessors:
    <- 9
    <- 10
  In loop: <none>
  Source positions in block:
    SnippetResolvedJavaMethod{name='allocateInstance', type=SnippetResolvedJavaType{javaClass=class jdk.graal.compiler.hotspot.replacements.HotSpotAllocationSnippets}}
    HotSpotMethod<HashMap.newNode(int, Object, Object, HashMap$Node)>
    HotSpotMethod<HashMap.putVal(int, Object, Object, boolean, boolean)>
    SnippetResolvedJavaMethod{name='instanceofDynamic', type=SnippetResolvedJavaType{javaClass=class jdk.graal.compiler.hotspot.replacements.InstanceOfSnippets}}
 BuboLoopMakers: 

Block 12
  Successors:
    -> 13
    -> 14
  Predecessors:
    <- 11
  In loop: <none>
  Source positions in block:
    SnippetResolvedJavaMethod{name='instanceofDynamic', type=SnippetResolvedJavaType{javaClass=class jdk.graal.compiler.hotspot.replacements.InstanceOfSnippets}}
 BuboLoopMakers: 

Block 13
  Successors:
    -> 28
  Predecessors:
    <- 12
  In loop: <none>
  Source positions in block:
    SnippetResolvedJavaMethod{name='instanceofDynamic', type=SnippetResolvedJavaType{javaClass=class jdk.graal.compiler.hotspot.replacements.InstanceOfSnippets}}
 BuboLoopMakers: 

Block 14
  Successors:
    -> 15
    -> 16
  Predecessors:
    <- 12
  In loop: <none>
  Source positions in block:
    SnippetResolvedJavaMethod{name='instanceofDynamic', type=SnippetResolvedJavaType{javaClass=class jdk.graal.compiler.hotspot.replacements.InstanceOfSnippets}}
 BuboLoopMakers: 

Block 15
  Successors:
    -> 28
  Predecessors:
    <- 14
  In loop: <none>
  Source positions in block:
    SnippetResolvedJavaMethod{name='instanceofDynamic', type=SnippetResolvedJavaType{javaClass=class jdk.graal.compiler.hotspot.replacements.InstanceOfSnippets}}
 BuboLoopMakers: 

Block 16
  Successors:
    -> 17
    -> 26
  Predecessors:
    <- 14
  In loop: <none>
  Source positions in block:
    SnippetResolvedJavaMethod{name='instanceofDynamic', type=SnippetResolvedJavaType{javaClass=class jdk.graal.compiler.hotspot.replacements.InstanceOfSnippets}}
    HotSpotMethod<HashMap.putVal(int, Object, Object, boolean, boolean)>
 BuboLoopMakers: 

Block 17
  Successors:
    -> 18
    -> 19
  Predecessors:
    <- 16
  In loop: <none>
  Source positions in block:
    SnippetResolvedJavaMethod{name='instanceofDynamic', type=SnippetResolvedJavaType{javaClass=class jdk.graal.compiler.hotspot.replacements.InstanceOfSnippets}}
    HotSpotMethod<HashMap.putVal(int, Object, Object, boolean, boolean)>
 BuboLoopMakers: 

Block 18
  Successors:
    -> 28
  Predecessors:
    <- 17
  In loop: <none>
  Source positions in block:
    SnippetResolvedJavaMethod{name='instanceofDynamic', type=SnippetResolvedJavaType{javaClass=class jdk.graal.compiler.hotspot.replacements.InstanceOfSnippets}}
 BuboLoopMakers: 

Block 19
  Successors:
    -> 26
    -> 21
  Predecessors:
    <- 17
  In loop: <none>
  Source positions in block:
    SnippetResolvedJavaMethod{name='instanceofDynamic', type=SnippetResolvedJavaType{javaClass=class jdk.graal.compiler.hotspot.replacements.InstanceOfSnippets}}
    HotSpotMethod<HashMap.putVal(int, Object, Object, boolean, boolean)>
 BuboLoopMakers: 

Block 20
  Successors:
    -> 26
  Predecessors:
    <- 19
  In loop: <none>
  Source positions in block:
    SnippetResolvedJavaMethod{name='instanceofDynamic', type=SnippetResolvedJavaType{javaClass=class jdk.graal.compiler.hotspot.replacements.InstanceOfSnippets}}
 BuboLoopMakers: 

Block 21
  Successors:
    -> 24
  Predecessors:
    <- 19
  In loop: <none>
  Source positions in block:
    SnippetResolvedJavaMethod{name='instanceofDynamic', type=SnippetResolvedJavaType{javaClass=class jdk.graal.compiler.hotspot.replacements.InstanceOfSnippets}}
    HotSpotMethod<HashMap.putVal(int, Object, Object, boolean, boolean)>
 BuboLoopMakers: 

Block 22
  Successors:
    -> 26
  Predecessors:
    <- 16
  In loop: <none>
  Source positions in block:
    SnippetResolvedJavaMethod{name='instanceofDynamic', type=SnippetResolvedJavaType{javaClass=class jdk.graal.compiler.hotspot.replacements.InstanceOfSnippets}}
 BuboLoopMakers: 

Block 23
  Successors:
    -> 24
  Predecessors:
    <- 11
  In loop: <none>
  Source positions in block:
    SnippetResolvedJavaMethod{name='instanceofDynamic', type=SnippetResolvedJavaType{javaClass=class jdk.graal.compiler.hotspot.replacements.InstanceOfSnippets}}
    HotSpotMethod<HashMap.putVal(int, Object, Object, boolean, boolean)>
 BuboLoopMakers: 

Block 24
  Successors:
    -> 25
    -> 27
  Predecessors:
    <- 23
    <- 21
  In loop: <none>
  Source positions in block:
    SnippetResolvedJavaMethod{name='instanceofDynamic', type=SnippetResolvedJavaType{javaClass=class jdk.graal.compiler.hotspot.replacements.InstanceOfSnippets}}
 BuboLoopMakers: 

Block 25
  Successors:
    -> 26
  Predecessors:
    <- 24
  In loop: <none>
  Source positions in block:
    SnippetResolvedJavaMethod{name='instanceofDynamic', type=SnippetResolvedJavaType{javaClass=class jdk.graal.compiler.hotspot.replacements.InstanceOfSnippets}}
    HotSpotMethod<HashMap.putVal(int, Object, Object, boolean, boolean)>
 BuboLoopMakers: 

Block 26
  Successors:
  Predecessors:
    <- 25
    <- 19
    <- 16
  In loop: <none>
  Source positions in block:
    HotSpotMethod<HashMap.putVal(int, Object, Object, boolean, boolean)>
 BuboLoopMakers: 

Block 27
  Successors:
    -> 28
  Predecessors:
    <- 24
  In loop: <none>
  Source positions in block:
    HotSpotMethod<HashMap.putVal(int, Object, Object, boolean, boolean)>
 BuboLoopMakers: 

Block 28
  Successors:
    -> 51
  Predecessors:
    <- 27
    <- 15
    <- 18
    <- 13
  In loop: <none>
  Source positions in block:
    HotSpotMethod<HashMap.putVal(int, Object, Object, boolean, boolean)>
 BuboLoopMakers: 

Block 29
  Successors:
    -> 62
  Predecessors:
    <- 7
  In loop: <none>
  Source positions in block:
    HotSpotMethod<HashMap.putVal(int, Object, Object, boolean, boolean)>
 BuboLoopMakers: 

Block 30
  Successors:
    -> 31
    -> 32
  Predecessors:
    <- 6
  In loop: <none>
  Source positions in block:
    HotSpotMethod<HashMap.putVal(int, Object, Object, boolean, boolean)>
 BuboLoopMakers: 

Block 31
  Successors:
    -> 62
  Predecessors:
    <- 30
  In loop: <none>
  Source positions in block:
    HotSpotMethod<HashMap.putVal(int, Object, Object, boolean, boolean)>
 BuboLoopMakers: 

Block 32
  Successors:
    -> 33
    -> 34
  Predecessors:
    <- 30
  In loop: <none>
  Source positions in block:
    HotSpotMethod<HashMap.putVal(int, Object, Object, boolean, boolean)>
 BuboLoopMakers: 

Block 33
  Successors:
    -> 62
  Predecessors:
    <- 32
  In loop: <none>
  Source positions in block:
    HotSpotMethod<HashMap.putVal(int, Object, Object, boolean, boolean)>
 BuboLoopMakers: 

Block 34
  Successors:
    -> 35
    -> 36
  Predecessors:
    <- 32
  In loop: <none>
  Source positions in block:
    HotSpotMethod<HashMap.putVal(int, Object, Object, boolean, boolean)>
 BuboLoopMakers: 

Block 35
  Successors:
    -> 44
  Predecessors:
    <- 34
  In loop: <none>
  Source positions in block:
    HotSpotMethod<HashMap.putVal(int, Object, Object, boolean, boolean)>
 BuboLoopMakers: 

Block 36
  Successors:
    -> 37
    -> 38
  Predecessors:
    <- 34
  In loop: <none>
  Source positions in block:
    HotSpotMethod<HashMap.putVal(int, Object, Object, boolean, boolean)>
 BuboLoopMakers: 

Block 37
  Successors:
    -> 62
  Predecessors:
    <- 36
  In loop: <none>
  Source positions in block:
    HotSpotMethod<HashMap.putVal(int, Object, Object, boolean, boolean)>
 BuboLoopMakers: 

Block 38
  Successors:
    -> 39
  Predecessors:
    <- 36
  In loop: <none>
  Source positions in block:
    HotSpotMethod<HashMap.putVal(int, Object, Object, boolean, boolean)>
 BuboLoopMakers: 

Block 39
  Successors:
    -> 43
    -> 40
  Predecessors:
    <- 38
    <- 42
  In loop: L0
  Source positions in block:
    HotSpotMethod<BuboAgentCompilerMarkers.Marker0()>
 BuboLoopMakers: 

Block 40
  Successors:
    -> 41
    -> 42
  Predecessors:
    <- 39
  In loop: L0
  Source positions in block:
    HotSpotMethod<BuboAgentCompilerMarkers.Marker0()>
 BuboLoopMakers: 

Block 41
  Successors:
  Predecessors:
    <- 40
  In loop: <none>
  Source positions in block:
    HotSpotMethod<HashMap.putVal(int, Object, Object, boolean, boolean)>
 BuboLoopMakers: 

Block 42
  Successors:
    -> 39
  Predecessors:
    <- 40
  In loop: L0
  Source positions in block:
    HotSpotMethod<BuboAgentCompilerMarkers.Marker0()>
 BuboLoopMakers: 

Block 43
  Successors:
    -> 44
  Predecessors:
    <- 39
  In loop: <none>
  Source positions in block:
    HotSpotMethod<HashMap.putVal(int, Object, Object, boolean, boolean)>
 BuboLoopMakers: 

Block 44
  Successors:
    -> 45
    -> 60
  Predecessors:
    <- 43
    <- 35
  In loop: <none>
  Source positions in block:
    HotSpotMethod<HashMap.putVal(int, Object, Object, boolean, boolean)>
 BuboLoopMakers: 

Block 45
  Successors:
    -> 46
    -> 47
  Predecessors:
    <- 44
  In loop: <none>
  Source positions in block:
    HotSpotMethod<HashMap.putVal(int, Object, Object, boolean, boolean)>
    SnippetResolvedJavaMethod{name='allocateInstance', type=SnippetResolvedJavaType{javaClass=class jdk.graal.compiler.hotspot.replacements.HotSpotAllocationSnippets}}
    HotSpotMethod<HashMap.newNode(int, Object, Object, HashMap$Node)>
 BuboLoopMakers: 

Block 46
  Successors:
    -> 48
  Predecessors:
    <- 45
  In loop: <none>
  Source positions in block:
    SnippetResolvedJavaMethod{name='allocateInstance', type=SnippetResolvedJavaType{javaClass=class jdk.graal.compiler.hotspot.replacements.HotSpotAllocationSnippets}}
 BuboLoopMakers: 

Block 47
  Successors:
    -> 48
  Predecessors:
    <- 45
  In loop: <none>
  Source positions in block:
    SnippetResolvedJavaMethod{name='allocateInstance', type=SnippetResolvedJavaType{javaClass=class jdk.graal.compiler.hotspot.replacements.HotSpotAllocationSnippets}}
 BuboLoopMakers: 

Block 48
  Successors:
    -> 49
    -> 58
  Predecessors:
    <- 46
    <- 47
  In loop: <none>
  Source positions in block:
    SnippetResolvedJavaMethod{name='allocateInstance', type=SnippetResolvedJavaType{javaClass=class jdk.graal.compiler.hotspot.replacements.HotSpotAllocationSnippets}}
    HotSpotMethod<HashMap.newNode(int, Object, Object, HashMap$Node)>
    HotSpotMethod<HashMap.putVal(int, Object, Object, boolean, boolean)>
 BuboLoopMakers: 

Block 49
  Successors:
    -> 50
    -> 57
  Predecessors:
    <- 48
  In loop: <none>
  Source positions in block:
    HotSpotMethod<HashMap.putVal(int, Object, Object, boolean, boolean)>
 BuboLoopMakers: 

Block 50
  Successors:
    -> 51
  Predecessors:
    <- 49
  In loop: <none>
  Source positions in block:
    HotSpotMethod<HashMap.putVal(int, Object, Object, boolean, boolean)>
 BuboLoopMakers: 

Block 51
  Successors:
    -> 52
    -> 56
  Predecessors:
    <- 28
    <- 50
  In loop: <none>
  Source positions in block:
    HotSpotMethod<HashMap.putVal(int, Object, Object, boolean, boolean)>
 BuboLoopMakers: 

Block 52
  Successors:
    -> 53
    -> 55
  Predecessors:
    <- 51
  In loop: <none>
  Source positions in block:
    HotSpotMethod<HashMap.putVal(int, Object, Object, boolean, boolean)>
 BuboLoopMakers: 

Block 53
  Successors:
    -> 55
  Predecessors:
    <- 52
  In loop: <none>
  Source positions in block:
    HotSpotMethod<HashMap.putVal(int, Object, Object, boolean, boolean)>
 BuboLoopMakers: 

Block 54
  Successors:
    -> 55
  Predecessors:
    <- 52
  In loop: <none>
  Source positions in block:
    HotSpotMethod<HashMap.putVal(int, Object, Object, boolean, boolean)>
 BuboLoopMakers: 

Block 55
  Successors:
  Predecessors:
    <- 52
    <- 53
  In loop: <none>
  Source positions in block:
    HotSpotMethod<HashMap.putVal(int, Object, Object, boolean, boolean)>
 BuboLoopMakers: 

Block 56
  Successors:
  Predecessors:
    <- 51
  In loop: <none>
  Source positions in block:
    HotSpotMethod<HashMap.putVal(int, Object, Object, boolean, boolean)>
 BuboLoopMakers: 

Block 57
  Successors:
    -> 59
  Predecessors:
    <- 49
  In loop: <none>
  Source positions in block:
    HotSpotMethod<HashMap.putVal(int, Object, Object, boolean, boolean)>
 BuboLoopMakers: 

Block 58
  Successors:
    -> 59
  Predecessors:
    <- 48
  In loop: <none>
  Source positions in block:
    HotSpotMethod<HashMap.putVal(int, Object, Object, boolean, boolean)>
 BuboLoopMakers: 

Block 59
  Successors:
  Predecessors:
    <- 58
    <- 57
  In loop: <none>
  Source positions in block:
    HotSpotMethod<HashMap.putVal(int, Object, Object, boolean, boolean)>
 BuboLoopMakers: 

Block 60
  Successors:
  Predecessors:
    <- 44
  In loop: <none>
  Source positions in block:
    HotSpotMethod<HashMap.putVal(int, Object, Object, boolean, boolean)>
 BuboLoopMakers: 

Block 61
  Successors:
    -> 62
  Predecessors:
    <- 5
  In loop: <none>
  Source positions in block:
    HotSpotMethod<HashMap.putVal(int, Object, Object, boolean, boolean)>
 BuboLoopMakers: 

Block 62
  Successors:
  Predecessors:
    <- 61
    <- 31
    <- 29
    <- 33
    <- 37
  In loop: <none>
  Source positions in block:
    HotSpotMethod<HashMap.putVal(int, Object, Object, boolean, boolean)>
 BuboLoopMakers: 

=== End HumphreysDebugDataPhase ===
java.util.HashMap.putVal(int, java.lang.Object, java.lang.Object, boolean, boolean)java.lang.Object -1 codeSignature differs 3457758af6da81c0675161ec3509094a19091a36347be8358216c0505458b82b != a8d7ee9d1fce84fc0519cae53e64f66affc01f025ae5d78b8e427fdfbe592f04
java.util.HashMap.putVal(int, java.lang.Object, java.lang.Object, boolean, boolean)java.lang.Object -1 graphSignature differs ee09f2c8e8aef299f145f669ac6d290ab921c200bee62674b2ab14a5f207c19a != 5a74e12f320f5360d51b0bb3946f087ce2dce5afa144b15d312a3acc1621c4cf
=== HumphreysDebugDataPhase ===
Compilation: 58-java.util.HashMap$Node.<init>(int, Object, Object, HashMap$Node)
Number of loops: 0

Block 0
  Successors:
  Predecessors:
  In loop: <none>
  Source positions in block:
    HotSpotMethod<HashMap$Node.<init>(int, Object, Object, HashMap$Node)>
 BuboLoopMakers: 

=== End HumphreysDebugDataPhase ===
java.util.HashMap$Node.<init>(int, java.lang.Object, java.lang.Object, java.util.HashMap$Node)void -1 codeSignature differs 8321ffd6789c018c5d559f0e8788042e64a799f6ecb89fb423a4aaba26c66589 != b69860c9d4b5471418086111ae0809e0c31340d5dd85e417b69437d56d9e74d9
=== HumphreysDebugDataPhase ===
Compilation: 59-java.lang.String.equals(Object)
Number of loops: 1

Block 0
  Successors:
    -> 1
    -> 2
  Predecessors:
  In loop: <none>
  Source positions in block:
    HotSpotMethod<String.equals(Object)>
 BuboLoopMakers: 

Block 1
  Successors:
  Predecessors:
    <- 0
  In loop: <none>
  Source positions in block:
    HotSpotMethod<String.equals(Object)>
 BuboLoopMakers: 

Block 2
  Successors:
    -> 3
    -> 21
  Predecessors:
    <- 0
  In loop: <none>
  Source positions in block:
    HotSpotMethod<String.equals(Object)>
    HotSpotMethod<StringLatin1.equals(byte[], byte[])>
 BuboLoopMakers: 

Block 3
  Successors:
    -> 4
    -> 20
  Predecessors:
    <- 2
  In loop: <none>
  Source positions in block:
    HotSpotMethod<String.equals(Object)>
    HotSpotMethod<StringLatin1.equals(byte[], byte[])>
 BuboLoopMakers: 

Block 4
  Successors:
    -> 5
    -> 18
  Predecessors:
    <- 3
  In loop: <none>
  Source positions in block:
    HotSpotMethod<String.equals(Object)>
    HotSpotMethod<StringLatin1.equals(byte[], byte[])>
 BuboLoopMakers: 

Block 5
  Successors:
    -> 11
    -> 7
  Predecessors:
    <- 4
  In loop: <none>
  Source positions in block:
    HotSpotMethod<StringLatin1.equals(byte[], byte[])>
 BuboLoopMakers: 

Block 6
  Successors:
    -> 11
  Predecessors:
    <- 5
  In loop: <none>
  Source positions in block:
    HotSpotMethod<StringLatin1.equals(byte[], byte[])>
 BuboLoopMakers: 

Block 7
  Successors:
    -> 8
    -> 17
  Predecessors:
    <- 5
  In loop: <none>
  Source positions in block:
    HotSpotMethod<StringLatin1.equals(byte[], byte[])>
 BuboLoopMakers: 

Block 8
  Successors:
    -> 9
    -> 11
  Predecessors:
    <- 7
  In loop: <none>
  Source positions in block:
    HotSpotMethod<StringLatin1.equals(byte[], byte[])>
 BuboLoopMakers: 

Block 9
  Successors:
    -> 22
  Predecessors:
    <- 8
  In loop: <none>
  Source positions in block:
    HotSpotMethod<StringLatin1.equals(byte[], byte[])>
 BuboLoopMakers: 

Block 10
  Successors:
    -> 11
  Predecessors:
    <- 8
  In loop: <none>
  Source positions in block:
    HotSpotMethod<StringLatin1.equals(byte[], byte[])>
 BuboLoopMakers: 

Block 11
  Successors:
    -> 12
  Predecessors:
    <- 5
    <- 8
  In loop: <none>
  Source positions in block:
    HotSpotMethod<StringLatin1.equals(byte[], byte[])>
 BuboLoopMakers: 

Block 12
  Successors:
    -> 13
    -> 16
  Predecessors:
    <- 11
    <- 14
  In loop: L0
  Source positions in block:
    HotSpotMethod<BuboAgentCompilerMarkers.Marker0()>
 BuboLoopMakers: 

Block 13
  Successors:
    -> 14
    -> 15
  Predecessors:
    <- 12
  In loop: L0
  Source positions in block:
    HotSpotMethod<BuboAgentCompilerMarkers.Marker0()>
 BuboLoopMakers: 

Block 14
  Successors:
    -> 12
  Predecessors:
    <- 13
  In loop: L0
  Source positions in block:
    HotSpotMethod<BuboAgentCompilerMarkers.Marker0()>
 BuboLoopMakers: 

Block 15
  Successors:
    -> 19
  Predecessors:
    <- 13
  In loop: <none>
  Source positions in block:
    HotSpotMethod<StringLatin1.equals(byte[], byte[])>
 BuboLoopMakers: 

Block 16
  Successors:
    -> 19
  Predecessors:
    <- 12
  In loop: <none>
  Source positions in block:
    <none>
 BuboLoopMakers: 

Block 17
  Successors:
    -> 22
  Predecessors:
    <- 7
  In loop: <none>
  Source positions in block:
    HotSpotMethod<StringLatin1.equals(byte[], byte[])>
 BuboLoopMakers: 

Block 18
  Successors:
    -> 19
  Predecessors:
    <- 4
  In loop: <none>
  Source positions in block:
    HotSpotMethod<StringLatin1.equals(byte[], byte[])>
 BuboLoopMakers: 

Block 19
  Successors:
  Predecessors:
    <- 15
    <- 16
    <- 18
  In loop: <none>
  Source positions in block:
    HotSpotMethod<String.equals(Object)>
 BuboLoopMakers: 

Block 20
  Successors:
    -> 22
  Predecessors:
    <- 3
  In loop: <none>
  Source positions in block:
    HotSpotMethod<String.equals(Object)>
    HotSpotMethod<StringLatin1.equals(byte[], byte[])>
 BuboLoopMakers: 

Block 21
  Successors:
    -> 22
  Predecessors:
    <- 2
  In loop: <none>
  Source positions in block:
    HotSpotMethod<StringLatin1.equals(byte[], byte[])>
 BuboLoopMakers: 

Block 22
  Successors:
  Predecessors:
    <- 21
    <- 20
    <- 17
    <- 9
  In loop: <none>
  Source positions in block:
    HotSpotMethod<StringLatin1.equals(byte[], byte[])>
 BuboLoopMakers: 

=== End HumphreysDebugDataPhase ===
java.lang.String.equals(java.lang.Object)boolean -1 graphSignature differs 240f841b413bb8bd2af4877cb3753eac11d3bdc482d702e067df992e72784ebb != 2d841e5f6ff33687ba2a8e89c73735b82c892266d476f740b43f9fc2b4d21873
=== HumphreysDebugDataPhase ===
Compilation: 60-java.util.KeyValueHolder.getKey()
Number of loops: 0

Block 0
  Successors:
  Predecessors:
  In loop: <none>
  Source positions in block:
    HotSpotMethod<KeyValueHolder.getKey()>
 BuboLoopMakers: 

=== End HumphreysDebugDataPhase ===
=== HumphreysDebugDataPhase ===
Compilation: 61-java.util.KeyValueHolder.getValue()
Number of loops: 0

Block 0
  Successors:
  Predecessors:
  In loop: <none>
  Source positions in block:
    HotSpotMethod<KeyValueHolder.getValue()>
 BuboLoopMakers: 

=== End HumphreysDebugDataPhase ===
=== HumphreysDebugDataPhase ===
Compilation: 62-java.lang.module.ModuleDescriptor.packages()
Number of loops: 0

Block 0
  Successors:
  Predecessors:
  In loop: <none>
  Source positions in block:
    HotSpotMethod<ModuleDescriptor.packages()>
 BuboLoopMakers: 

=== End HumphreysDebugDataPhase ===
=== HumphreysDebugDataPhase ===
Compilation: 63-java.lang.module.ResolvedModule.reference()
Number of loops: 0

Block 0
  Successors:
  Predecessors:
  In loop: <none>
  Source positions in block:
    HotSpotMethod<ResolvedModule.reference()>
 BuboLoopMakers: 

=== End HumphreysDebugDataPhase ===
=== HumphreysDebugDataPhase ===
Compilation: 64-java.lang.module.ModuleDescriptor$Version.toString()
Number of loops: 0

Block 0
  Successors:
  Predecessors:
  In loop: <none>
  Source positions in block:
    HotSpotMethod<ModuleDescriptor$Version.toString()>
 BuboLoopMakers: 

=== End HumphreysDebugDataPhase ===
=== HumphreysDebugDataPhase ===
Compilation: 65-java.lang.AbstractStringBuilder.length()
Number of loops: 0

Block 0
  Successors:
  Predecessors:
  In loop: <none>
  Source positions in block:
    HotSpotMethod<AbstractStringBuilder.length()>
 BuboLoopMakers: 

=== End HumphreysDebugDataPhase ===
=== HumphreysDebugDataPhase ===
Compilation: 66-java.util.HashMap.newNode(int, Object, Object, HashMap$Node)
Number of loops: 0

Block 0
  Successors:
    -> 1
    -> 2
  Predecessors:
  In loop: <none>
  Source positions in block:
    SnippetResolvedJavaMethod{name='allocateInstance', type=SnippetResolvedJavaType{javaClass=class jdk.graal.compiler.hotspot.replacements.HotSpotAllocationSnippets}}
    HotSpotMethod<HashMap.newNode(int, Object, Object, HashMap$Node)>
 BuboLoopMakers: 

Block 1
  Successors:
    -> 3
  Predecessors:
    <- 0
  In loop: <none>
  Source positions in block:
    SnippetResolvedJavaMethod{name='allocateInstance', type=SnippetResolvedJavaType{javaClass=class jdk.graal.compiler.hotspot.replacements.HotSpotAllocationSnippets}}
    HotSpotMethod<HashMap.newNode(int, Object, Object, HashMap$Node)>
 BuboLoopMakers: 

Block 2
  Successors:
    -> 3
  Predecessors:
    <- 0
  In loop: <none>
  Source positions in block:
    SnippetResolvedJavaMethod{name='allocateInstance', type=SnippetResolvedJavaType{javaClass=class jdk.graal.compiler.hotspot.replacements.HotSpotAllocationSnippets}}
 BuboLoopMakers: 

Block 3
  Successors:
  Predecessors:
    <- 1
    <- 2
  In loop: <none>
  Source positions in block:
    SnippetResolvedJavaMethod{name='allocateInstance', type=SnippetResolvedJavaType{javaClass=class jdk.graal.compiler.hotspot.replacements.HotSpotAllocationSnippets}}
    HotSpotMethod<HashMap.newNode(int, Object, Object, HashMap$Node)>
 BuboLoopMakers: 

=== End HumphreysDebugDataPhase ===
=== HumphreysDebugDataPhase ===
Compilation: 67-java.util.HashMap.afterNodeInsertion(boolean)
Number of loops: 0

Block 0
  Successors:
  Predecessors:
  In loop: <none>
  Source positions in block:
    HotSpotMethod<HashMap.afterNodeInsertion(boolean)>
 BuboLoopMakers: 

=== End HumphreysDebugDataPhase ===
=== HumphreysDebugDataPhase ===
Compilation: 69-java.util.HashMap.resize()
Number of loops: 3

Block 0
  Successors:
    -> 1
    -> 2
  Predecessors:
  In loop: <none>
  Source positions in block:
    HotSpotMethod<HashMap.resize()>
 BuboLoopMakers: 

Block 1
  Successors:
    -> 3
  Predecessors:
    <- 0
  In loop: <none>
  Source positions in block:
    HotSpotMethod<HashMap.resize()>
 BuboLoopMakers: 

Block 2
  Successors:
    -> 3
  Predecessors:
    <- 0
  In loop: <none>
  Source positions in block:
    HotSpotMethod<HashMap.resize()>
 BuboLoopMakers: 

Block 3
  Successors:
    -> 4
    -> 7
  Predecessors:
    <- 1
    <- 2
  In loop: <none>
  Source positions in block:
    HotSpotMethod<HashMap.resize()>
 BuboLoopMakers: 

Block 4
  Successors:
    -> 5
    -> 6
  Predecessors:
    <- 3
  In loop: <none>
  Source positions in block:
    HotSpotMethod<HashMap.resize()>
 BuboLoopMakers: 

Block 5
  Successors:
    -> 12
  Predecessors:
    <- 4
  In loop: <none>
  Source positions in block:
    HotSpotMethod<HashMap.resize()>
 BuboLoopMakers: 

Block 6
  Successors:
    -> 12
  Predecessors:
    <- 4
  In loop: <none>
  Source positions in block:
    HotSpotMethod<HashMap.resize()>
 BuboLoopMakers: 

Block 7
  Successors:
    -> 8
    -> 86
  Predecessors:
    <- 3
  In loop: <none>
  Source positions in block:
    HotSpotMethod<HashMap.resize()>
 BuboLoopMakers: 

Block 8
  Successors:
    -> 9
    -> 85
  Predecessors:
    <- 7
  In loop: <none>
  Source positions in block:
    HotSpotMethod<HashMap.resize()>
 BuboLoopMakers: 

Block 9
  Successors:
    -> 10
    -> 11
  Predecessors:
    <- 8
  In loop: <none>
  Source positions in block:
    HotSpotMethod<HashMap.resize()>
 BuboLoopMakers: 

Block 10
  Successors:
    -> 87
  Predecessors:
    <- 9
  In loop: <none>
  Source positions in block:
    HotSpotMethod<HashMap.resize()>
 BuboLoopMakers: 

Block 11
  Successors:
    -> 12
  Predecessors:
    <- 9
  In loop: <none>
  Source positions in block:
    HotSpotMethod<HashMap.resize()>
 BuboLoopMakers: 

Block 12
  Successors:
    -> 13
    -> 19
  Predecessors:
    <- 11
    <- 6
    <- 5
  In loop: <none>
  Source positions in block:
    HotSpotMethod<HashMap.resize()>
 BuboLoopMakers: 

Block 13
  Successors:
    -> 14
    -> 18
  Predecessors:
    <- 12
  In loop: <none>
  Source positions in block:
    HotSpotMethod<HashMap.resize()>
 BuboLoopMakers: 

Block 14
  Successors:
    -> 15
    -> 18
  Predecessors:
    <- 13
  In loop: <none>
  Source positions in block:
    HotSpotMethod<HashMap.resize()>
 BuboLoopMakers: 

Block 15
  Successors:
    -> 20
  Predecessors:
    <- 14
  In loop: <none>
  Source positions in block:
    HotSpotMethod<HashMap.resize()>
 BuboLoopMakers: 

Block 16
  Successors:
    -> 18
  Predecessors:
    <- 14
  In loop: <none>
  Source positions in block:
    HotSpotMethod<HashMap.resize()>
 BuboLoopMakers: 

Block 17
  Successors:
    -> 18
  Predecessors:
    <- 13
  In loop: <none>
  Source positions in block:
    HotSpotMethod<HashMap.resize()>
 BuboLoopMakers: 

Block 18
  Successors:
  Predecessors:
    <- 13
    <- 14
  In loop: <none>
  Source positions in block:
    HotSpotMethod<HashMap.resize()>
 BuboLoopMakers: 

Block 19
  Successors:
    -> 20
  Predecessors:
    <- 12
  In loop: <none>
  Source positions in block:
    HotSpotMethod<HashMap.resize()>
 BuboLoopMakers: 

Block 20
  Successors:
    -> 21
    -> 22
  Predecessors:
    <- 19
    <- 15
  In loop: <none>
  Source positions in block:
    HotSpotMethod<HashMap.resize()>
    SnippetResolvedJavaMethod{name='allocateArray', type=SnippetResolvedJavaType{javaClass=class jdk.graal.compiler.hotspot.replacements.HotSpotAllocationSnippets}}
 BuboLoopMakers: 

Block 21
  Successors:
    -> 29
  Predecessors:
    <- 20
  In loop: <none>
  Source positions in block:
    SnippetResolvedJavaMethod{name='allocateArray', type=SnippetResolvedJavaType{javaClass=class jdk.graal.compiler.hotspot.replacements.HotSpotAllocationSnippets}}
    HotSpotMethod<HashMap.resize()>
 BuboLoopMakers: 

Block 22
  Successors:
    -> 23
    -> 27
  Predecessors:
    <- 20
  In loop: <none>
  Source positions in block:
    SnippetResolvedJavaMethod{name='allocateArray', type=SnippetResolvedJavaType{javaClass=class jdk.graal.compiler.hotspot.replacements.HotSpotAllocationSnippets}}
    HotSpotMethod<HashMap.resize()>
 BuboLoopMakers: 

Block 23
  Successors:
    -> 24
  Predecessors:
    <- 22
  In loop: <none>
  Source positions in block:
    SnippetResolvedJavaMethod{name='allocateArray', type=SnippetResolvedJavaType{javaClass=class jdk.graal.compiler.hotspot.replacements.HotSpotAllocationSnippets}}
 BuboLoopMakers: 

Block 24
  Successors:
    -> 25
    -> 26
  Predecessors:
    <- 23
    <- 25
  In loop: L2
  Source positions in block:
    HotSpotMethod<BuboAgentCompilerMarkers.Marker2()>
 BuboLoopMakers: 

Block 25
  Successors:
    -> 24
  Predecessors:
    <- 24
  In loop: L2
  Source positions in block:
    HotSpotMethod<BuboAgentCompilerMarkers.Marker2()>
 BuboLoopMakers: 

Block 26
  Successors:
    -> 28
  Predecessors:
    <- 24
  In loop: <none>
  Source positions in block:
    SnippetResolvedJavaMethod{name='allocateArray', type=SnippetResolvedJavaType{javaClass=class jdk.graal.compiler.hotspot.replacements.HotSpotAllocationSnippets}}
 BuboLoopMakers: 

Block 27
  Successors:
    -> 28
  Predecessors:
    <- 22
  In loop: <none>
  Source positions in block:
    SnippetResolvedJavaMethod{name='allocateArray', type=SnippetResolvedJavaType{javaClass=class jdk.graal.compiler.hotspot.replacements.HotSpotAllocationSnippets}}
 BuboLoopMakers: 

Block 28
  Successors:
    -> 29
  Predecessors:
    <- 27
    <- 26
  In loop: <none>
  Source positions in block:
    SnippetResolvedJavaMethod{name='allocateArray', type=SnippetResolvedJavaType{javaClass=class jdk.graal.compiler.hotspot.replacements.HotSpotAllocationSnippets}}
 BuboLoopMakers: 

Block 29
  Successors:
    -> 79
    -> 31
  Predecessors:
    <- 21
    <- 28
  In loop: <none>
  Source positions in block:
    SnippetResolvedJavaMethod{name='allocateArray', type=SnippetResolvedJavaType{javaClass=class jdk.graal.compiler.hotspot.replacements.HotSpotAllocationSnippets}}
    HotSpotMethod<HashMap.resize()>
 BuboLoopMakers: 

Block 30
  Successors:
    -> 79
  Predecessors:
    <- 29
  In loop: <none>
  Source positions in block:
    HotSpotMethod<HashMap.resize()>
 BuboLoopMakers: 

Block 31
  Successors:
    -> 37
    -> 33
  Predecessors:
    <- 29
  In loop: <none>
  Source positions in block:
    HotSpotMethod<HashMap.resize()>
 BuboLoopMakers: 

Block 32
  Successors:
    -> 37
  Predecessors:
    <- 31
  In loop: <none>
  Source positions in block:
    HotSpotMethod<HashMap.resize()>
 BuboLoopMakers: 

Block 33
  Successors:
    -> 34
    -> 84
  Predecessors:
    <- 31
  In loop: <none>
  Source positions in block:
    HotSpotMethod<HashMap.resize()>
 BuboLoopMakers: 

Block 34
  Successors:
    -> 84
    -> 37
  Predecessors:
    <- 33
  In loop: <none>
  Source positions in block:
    HotSpotMethod<HashMap.resize()>
 BuboLoopMakers: 

Block 35
  Successors:
    -> 84
  Predecessors:
    <- 34
  In loop: <none>
  Source positions in block:
    HotSpotMethod<HashMap.resize()>
 BuboLoopMakers: 

Block 36
  Successors:
    -> 37
  Predecessors:
    <- 34
  In loop: <none>
  Source positions in block:
    HotSpotMethod<HashMap.resize()>
 BuboLoopMakers: 

Block 37
  Successors:
    -> 42
    -> 39
  Predecessors:
    <- 31
    <- 34
  In loop: <none>
  Source positions in block:
    HotSpotMethod<HashMap.resize()>
 BuboLoopMakers: 

Block 38
  Successors:
    -> 42
  Predecessors:
    <- 37
  In loop: <none>
  Source positions in block:
    HotSpotMethod<HashMap.resize()>
 BuboLoopMakers: 

Block 39
  Successors:
    -> 40
    -> 84
  Predecessors:
    <- 37
  In loop: <none>
  Source positions in block:
    HotSpotMethod<HashMap.resize()>
 BuboLoopMakers: 

Block 40
  Successors:
    -> 42
    -> 84
  Predecessors:
    <- 39
  In loop: <none>
  Source positions in block:
    HotSpotMethod<HashMap.resize()>
 BuboLoopMakers: 

Block 41
  Successors:
    -> 42
  Predecessors:
    <- 40
  In loop: <none>
  Source positions in block:
    HotSpotMethod<HashMap.resize()>
 BuboLoopMakers: 

Block 42
  Successors:
    -> 48
    -> 44
  Predecessors:
    <- 37
    <- 40
  In loop: <none>
  Source positions in block:
    HotSpotMethod<HashMap.resize()>
 BuboLoopMakers: 

Block 43
  Successors:
    -> 48
  Predecessors:
    <- 42
  In loop: <none>
  Source positions in block:
    HotSpotMethod<HashMap.resize()>
 BuboLoopMakers: 

Block 44
  Successors:
    -> 45
    -> 84
  Predecessors:
    <- 42
  In loop: <none>
  Source positions in block:
    HotSpotMethod<HashMap.resize()>
 BuboLoopMakers: 

Block 45
  Successors:
    -> 84
    -> 48
  Predecessors:
    <- 44
  In loop: <none>
  Source positions in block:
    HotSpotMethod<HashMap.resize()>
 BuboLoopMakers: 

Block 46
  Successors:
    -> 84
  Predecessors:
    <- 45
  In loop: <none>
  Source positions in block:
    HotSpotMethod<HashMap.resize()>
 BuboLoopMakers: 

Block 47
  Successors:
    -> 48
  Predecessors:
    <- 45
  In loop: <none>
  Source positions in block:
    HotSpotMethod<HashMap.resize()>
 BuboLoopMakers: 

Block 48
  Successors:
    -> 49
  Predecessors:
    <- 42
    <- 45
  In loop: <none>
  Source positions in block:
    HotSpotMethod<HashMap.resize()>
 BuboLoopMakers: 

Block 49
  Successors:
    -> 50
    -> 78
  Predecessors:
    <- 48
    <- 51
    <- 77
    <- 76
    <- 54
  In loop: L0
  Source positions in block:
    HotSpotMethod<BuboAgentCompilerMarkers.Marker0()>
 BuboLoopMakers: 

Block 50
  Successors:
    -> 51
    -> 52
  Predecessors:
    <- 49
  In loop: L0
  Source positions in block:
    HotSpotMethod<BuboAgentCompilerMarkers.Marker0()>
 BuboLoopMakers: 

Block 51
  Successors:
    -> 49
  Predecessors:
    <- 50
  In loop: L0
  Source positions in block:
    HotSpotMethod<BuboAgentCompilerMarkers.Marker0()>
 BuboLoopMakers: 

Block 52
  Successors:
    -> 53
    -> 56
  Predecessors:
    <- 50
  In loop: L0
  Source positions in block:
    HotSpotMethod<BuboAgentCompilerMarkers.Marker0()>
 BuboLoopMakers: 

Block 53
  Successors:
    -> 54
    -> 55
  Predecessors:
    <- 52
  In loop: L0
  Source positions in block:
    HotSpotMethod<BuboAgentCompilerMarkers.Marker0()>
 BuboLoopMakers: 

Block 54
  Successors:
    -> 49
  Predecessors:
    <- 53
  In loop: L0
  Source positions in block:
    HotSpotMethod<BuboAgentCompilerMarkers.Marker0()>
 BuboLoopMakers: 

Block 55
  Successors:
    -> 58
  Predecessors:
    <- 53
  In loop: <none>
  Source positions in block:
    HotSpotMethod<HashMap.resize()>
 BuboLoopMakers: 

Block 56
  Successors:
    -> 57
    -> 59
  Predecessors:
    <- 52
  In loop: L0
  Source positions in block:
    HotSpotMethod<BuboAgentCompilerMarkers.Marker0()>
 BuboLoopMakers: 

Block 57
  Successors:
    -> 58
  Predecessors:
    <- 56
  In loop: <none>
  Source positions in block:
    HotSpotMethod<HashMap.resize()>
 BuboLoopMakers: 

Block 58
  Successors:
  Predecessors:
    <- 57
    <- 55
  In loop: <none>
  Source positions in block:
    HotSpotMethod<HashMap.resize()>
 BuboLoopMakers: 

Block 59
  Successors:
    -> 60
    -> 61
  Predecessors:
    <- 56
  In loop: L0
  Source positions in block:
    HotSpotMethod<BuboAgentCompilerMarkers.Marker0()>
 BuboLoopMakers: 

Block 60
  Successors:
    -> 62
  Predecessors:
    <- 59
  In loop: L0
  Source positions in block:
    HotSpotMethod<BuboAgentCompilerMarkers.Marker0()>
 BuboLoopMakers: 

Block 61
  Successors:
    -> 62
  Predecessors:
    <- 59
  In loop: L0
  Source positions in block:
    HotSpotMethod<BuboAgentCompilerMarkers.Marker0()>
 BuboLoopMakers: 

Block 62
  Successors:
    -> 63
  Predecessors:
    <- 60
    <- 61
  In loop: L0
  Source positions in block:
    HotSpotMethod<BuboAgentCompilerMarkers.Marker0()>
 BuboLoopMakers: 

Block 63
  Successors:
    -> 64
    -> 67
  Predecessors:
    <- 62
    <- 71
  In loop: L1
  Source positions in block:
    HotSpotMethod<BuboAgentCompilerMarkers.Marker1()>
 BuboLoopMakers: 

Block 64
  Successors:
    -> 65
    -> 66
  Predecessors:
    <- 63
  In loop: L1
  Source positions in block:
    HotSpotMethod<BuboAgentCompilerMarkers.Marker1()>
 BuboLoopMakers: 

Block 65
  Successors:
    -> 70
  Predecessors:
    <- 64
  In loop: L1
  Source positions in block:
    HotSpotMethod<BuboAgentCompilerMarkers.Marker1()>
 BuboLoopMakers: 

Block 66
  Successors:
    -> 70
  Predecessors:
    <- 64
  In loop: L1
  Source positions in block:
    HotSpotMethod<BuboAgentCompilerMarkers.Marker1()>
 BuboLoopMakers: 

Block 67
  Successors:
    -> 68
    -> 69
  Predecessors:
    <- 63
  In loop: L1
  Source positions in block:
    HotSpotMethod<BuboAgentCompilerMarkers.Marker1()>
 BuboLoopMakers: 

Block 68
  Successors:
    -> 70
  Predecessors:
    <- 67
  In loop: L1
  Source positions in block:
    HotSpotMethod<BuboAgentCompilerMarkers.Marker1()>
 BuboLoopMakers: 

Block 69
  Successors:
    -> 70
  Predecessors:
    <- 67
  In loop: L1
  Source positions in block:
    HotSpotMethod<BuboAgentCompilerMarkers.Marker1()>
 BuboLoopMakers: 

Block 70
  Successors:
    -> 72
    -> 71
  Predecessors:
    <- 65
    <- 68
    <- 66
    <- 69
  In loop: L1
  Source positions in block:
    HotSpotMethod<BuboAgentCompilerMarkers.Marker1()>
 BuboLoopMakers: 

Block 71
  Successors:
    -> 63
  Predecessors:
    <- 70
  In loop: L1
  Source positions in block:
    HotSpotMethod<BuboAgentCompilerMarkers.Marker1()>
 BuboLoopMakers: 

Block 72
  Successors:
    -> 75
    -> 74
  Predecessors:
    <- 70
  In loop: L0
  Source positions in block:
    HotSpotMethod<BuboAgentCompilerMarkers.Marker0()>
 BuboLoopMakers: 

Block 73
  Successors:
    -> 75
  Predecessors:
    <- 72
  In loop: L0
  Source positions in block:
    HotSpotMethod<HashMap.resize()>
 BuboLoopMakers: 

Block 74
  Successors:
    -> 75
  Predecessors:
    <- 72
  In loop: L0
  Source positions in block:
    HotSpotMethod<BuboAgentCompilerMarkers.Marker0()>
 BuboLoopMakers: 

Block 75
  Successors:
    -> 76
    -> 77
  Predecessors:
    <- 72
    <- 74
  In loop: L0
  Source positions in block:
    HotSpotMethod<BuboAgentCompilerMarkers.Marker0()>
 BuboLoopMakers: 

Block 76
  Successors:
    -> 49
  Predecessors:
    <- 75
  In loop: L0
  Source positions in block:
    HotSpotMethod<BuboAgentCompilerMarkers.Marker0()>
 BuboLoopMakers: 

Block 77
  Successors:
    -> 49
  Predecessors:
    <- 75
  In loop: L0
  Source positions in block:
    HotSpotMethod<BuboAgentCompilerMarkers.Marker0()>
 BuboLoopMakers: 

Block 78
  Successors:
    -> 79
  Predecessors:
    <- 49
  In loop: <none>
  Source positions in block:
    HotSpotMethod<HashMap.resize()>
 BuboLoopMakers: 

Block 79
  Successors:
  Predecessors:
    <- 29
    <- 78
  In loop: <none>
  Source positions in block:
    HotSpotMethod<HashMap.resize()>
 BuboLoopMakers: 

Block 80
  Successors:
    -> 84
  Predecessors:
    <- 44
  In loop: <none>
  Source positions in block:
    HotSpotMethod<HashMap.resize()>
 BuboLoopMakers: 

Block 81
  Successors:
    -> 84
  Predecessors:
    <- 40
  In loop: <none>
  Source positions in block:
    HotSpotMethod<HashMap.resize()>
 BuboLoopMakers: 

Block 82
  Successors:
    -> 84
  Predecessors:
    <- 39
  In loop: <none>
  Source positions in block:
    HotSpotMethod<HashMap.resize()>
 BuboLoopMakers: 

Block 83
  Successors:
    -> 84
  Predecessors:
    <- 33
  In loop: <none>
  Source positions in block:
    HotSpotMethod<HashMap.resize()>
 BuboLoopMakers: 

Block 84
  Successors:
  Predecessors:
    <- 33
    <- 39
    <- 44
    <- 34
    <- 40
    <- 45
  In loop: <none>
  Source positions in block:
    HotSpotMethod<HashMap.resize()>
 BuboLoopMakers: 

Block 85
  Successors:
    -> 87
  Predecessors:
    <- 8
  In loop: <none>
  Source positions in block:
    HotSpotMethod<HashMap.resize()>
 BuboLoopMakers: 

Block 86
  Successors:
    -> 87
  Predecessors:
    <- 7
  In loop: <none>
  Source positions in block:
    HotSpotMethod<HashMap.resize()>
 BuboLoopMakers: 

Block 87
  Successors:
  Predecessors:
    <- 10
    <- 86
    <- 85
  In loop: <none>
  Source positions in block:
    HotSpotMethod<HashMap.resize()>
 BuboLoopMakers: 

=== End HumphreysDebugDataPhase ===
java.util.HashMap.resize()java.util.HashMap$Node[] -1 codeSignature differs 9ae95cba749234f6371fbc7c0fa624c3cc2e5ba3a54cd08504719501f5fc1038 != 432daa38377321451325e8b1df744549fbc59ce1da32f6a4055dc486b26e98e9
java.util.HashMap.resize()java.util.HashMap$Node[] -1 graphSignature differs 8621339e67ed630b148c0b60d4ece2a8f5e4dc640c7e625f721a8babedbc3813 != 907f32e8439d3100299993dcad76560e08b0f705baa3a6e36f739c5640084aa9
=== HumphreysDebugDataPhase ===
Compilation: 72-java.lang.module.ResolvedModule.configuration()
Number of loops: 0

Block 0
  Successors:
  Predecessors:
  In loop: <none>
  Source positions in block:
    HotSpotMethod<ResolvedModule.configuration()>
 BuboLoopMakers: 

=== End HumphreysDebugDataPhase ===
=== HumphreysDebugDataPhase ===
Compilation: 74-java.lang.module.ModuleDescriptor.isOpen()
Number of loops: 0

Block 0
  Successors:
  Predecessors:
  In loop: <none>
  Source positions in block:
    HotSpotMethod<ModuleDescriptor.isOpen()>
 BuboLoopMakers: 

=== End HumphreysDebugDataPhase ===
=== HumphreysDebugDataPhase ===
Compilation: 75-java.util.HashMap.size()
Number of loops: 0

Block 0
  Successors:
  Predecessors:
  In loop: <none>
  Source positions in block:
    HotSpotMethod<HashMap.size()>
 BuboLoopMakers: 

=== End HumphreysDebugDataPhase ===
Profiling started
Could not locate BlockSlowdown.json
Skipping Loading (this might cause a fatal crash if GTSlowdown is on)
=== HumphreysDebugDataPhase ===
Compilation: 81-java.util.zip.ZipCoder$UTF8ZipCoder.isUTF8()
Number of loops: 0

Block 0
  Successors:
  Predecessors:
  In loop: <none>
  Source positions in block:
    HotSpotMethod<ZipCoder$UTF8ZipCoder.isUTF8()>
 BuboLoopMakers: 

=== End HumphreysDebugDataPhase ===
=== HumphreysDebugDataPhase ===
Compilation: 82-java.lang.invoke.MethodType.ptypes()
Number of loops: 0

Block 0
  Successors:
  Predecessors:
  In loop: <none>
  Source positions in block:
    HotSpotMethod<MethodType.ptypes()>
 BuboLoopMakers: 

=== End HumphreysDebugDataPhase ===
=== HumphreysDebugDataPhase ===
Compilation: 83-jdk.internal.util.Preconditions.checkIndex(int, int, BiFunction)
Number of loops: 0

Block 0
  Successors:
    -> 5
    -> 2
  Predecessors:
  In loop: <none>
  Source positions in block:
    HotSpotMethod<Preconditions.checkIndex(int, int, BiFunction)>
 BuboLoopMakers: 

Block 1
  Successors:
    -> 5
  Predecessors:
    <- 0
  In loop: <none>
  Source positions in block:
    HotSpotMethod<Preconditions.checkIndex(int, int, BiFunction)>
 BuboLoopMakers: 

Block 2
  Successors:
    -> 3
    -> 5
  Predecessors:
    <- 0
  In loop: <none>
  Source positions in block:
    HotSpotMethod<Preconditions.checkIndex(int, int, BiFunction)>
 BuboLoopMakers: 

Block 3
  Successors:
  Predecessors:
    <- 2
  In loop: <none>
  Source positions in block:
    HotSpotMethod<Preconditions.checkIndex(int, int, BiFunction)>
 BuboLoopMakers: 

Block 4
  Successors:
    -> 5
  Predecessors:
    <- 2
  In loop: <none>
  Source positions in block:
    HotSpotMethod<Preconditions.checkIndex(int, int, BiFunction)>
 BuboLoopMakers: 

Block 5
  Successors:
  Predecessors:
    <- 0
    <- 2
  In loop: <none>
  Source positions in block:
    HotSpotMethod<Preconditions.checkIndex(int, int, BiFunction)>
 BuboLoopMakers: 

=== End HumphreysDebugDataPhase ===
=== HumphreysDebugDataPhase ===
Compilation: 85-java.nio.Buffer.limit()
Number of loops: 0

Block 0
  Successors:
  Predecessors:
  In loop: <none>
  Source positions in block:
    HotSpotMethod<Buffer.limit()>
 BuboLoopMakers: 

=== End HumphreysDebugDataPhase ===
=== HumphreysDebugDataPhase ===
Compilation: 86-jdk.internal.classfile.impl.AbstractPoolEntry.width()
Number of loops: 0

Block 0
  Successors:
  Predecessors:
  In loop: <none>
  Source positions in block:
    HotSpotMethod<AbstractPoolEntry.width()>
 BuboLoopMakers: 

=== End HumphreysDebugDataPhase ===
=== HumphreysDebugDataPhase ===
Compilation: 87-jdk.internal.classfile.impl.SplitConstantPool.size()
Number of loops: 0

Block 0
  Successors:
  Predecessors:
  In loop: <none>
  Source positions in block:
    HotSpotMethod<SplitConstantPool.size()>
 BuboLoopMakers: 

=== End HumphreysDebugDataPhase ===
=== HumphreysDebugDataPhase ===
Compilation: 88-java.util.Properties$LineReader.readLine()
Number of loops: 6

Block 0
  Successors:
    -> 1
    -> 2
  Predecessors:
  In loop: <none>
  Source positions in block:
    HotSpotMethod<Properties$LineReader.readLine()>
 BuboLoopMakers: 

Block 1
  Successors:
    -> 3
  Predecessors:
    <- 0
  In loop: <none>
  Source positions in block:
    HotSpotMethod<Properties$LineReader.readLine()>
 BuboLoopMakers: 

Block 2
  Successors:
    -> 3
  Predecessors:
    <- 0
  In loop: <none>
  Source positions in block:
    HotSpotMethod<Properties$LineReader.readLine()>
 BuboLoopMakers: 

Block 3
  Successors:
    -> 7
    -> 5
  Predecessors:
    <- 1
    <- 2
  In loop: <none>
  Source positions in block:
    HotSpotMethod<Properties$LineReader.readLine()>
 BuboLoopMakers: 

Block 4
  Successors:
    -> 7
  Predecessors:
    <- 3
  In loop: <none>
  Source positions in block:
    HotSpotMethod<Properties$LineReader.readLine()>
 BuboLoopMakers: 

Block 5
  Successors:
    -> 7
    -> 151
  Predecessors:
    <- 3
  In loop: <none>
  Source positions in block:
    HotSpotMethod<Properties$LineReader.readLine()>
 BuboLoopMakers: 

Block 6
  Successors:
    -> 7
  Predecessors:
    <- 5
  In loop: <none>
  Source positions in block:
    HotSpotMethod<Properties$LineReader.readLine()>
 BuboLoopMakers: 

Block 7
  Successors:
    -> 11
    -> 9
  Predecessors:
    <- 3
    <- 5
  In loop: <none>
  Source positions in block:
    HotSpotMethod<Properties$LineReader.readLine()>
 BuboLoopMakers: 

Block 8
  Successors:
    -> 11
  Predecessors:
    <- 7
  In loop: <none>
  Source positions in block:
    HotSpotMethod<Properties$LineReader.readLine()>
 BuboLoopMakers: 

Block 9
  Successors:
    -> 11
    -> 150
  Predecessors:
    <- 7
  In loop: <none>
  Source positions in block:
    HotSpotMethod<Properties$LineReader.readLine()>
 BuboLoopMakers: 

Block 10
  Successors:
    -> 11
  Predecessors:
    <- 9
  In loop: <none>
  Source positions in block:
    HotSpotMethod<Properties$LineReader.readLine()>
 BuboLoopMakers: 

Block 11
  Successors:
    -> 12
    -> 13
  Predecessors:
    <- 7
    <- 9
  In loop: <none>
  Source positions in block:
    HotSpotMethod<Properties$LineReader.readLine()>
 BuboLoopMakers: 

Block 12
  Successors:
    -> 14
  Predecessors:
    <- 11
  In loop: <none>
  Source positions in block:
    HotSpotMethod<Properties$LineReader.readLine()>
 BuboLoopMakers: 

Block 13
  Successors:
    -> 14
  Predecessors:
    <- 11
  In loop: <none>
  Source positions in block:
    HotSpotMethod<Properties$LineReader.readLine()>
 BuboLoopMakers: 

Block 14
  Successors:
    -> 18
    -> 16
  Predecessors:
    <- 12
    <- 13
  In loop: <none>
  Source positions in block:
    HotSpotMethod<Properties$LineReader.readLine()>
 BuboLoopMakers: 

Block 15
  Successors:
    -> 18
  Predecessors:
    <- 14
  In loop: <none>
  Source positions in block:
    HotSpotMethod<Properties$LineReader.readLine()>
 BuboLoopMakers: 

Block 16
  Successors:
    -> 18
    -> 149
  Predecessors:
    <- 14
  In loop: <none>
  Source positions in block:
    HotSpotMethod<Properties$LineReader.readLine()>
 BuboLoopMakers: 

Block 17
  Successors:
    -> 18
  Predecessors:
    <- 16
  In loop: <none>
  Source positions in block:
    HotSpotMethod<Properties$LineReader.readLine()>
 BuboLoopMakers: 

Block 18
  Successors:
    -> 19
    -> 148
  Predecessors:
    <- 14
    <- 16
  In loop: <none>
  Source positions in block:
    HotSpotMethod<Properties$LineReader.readLine()>
 BuboLoopMakers: 

Block 19
  Successors:
    -> 20
    -> 50
  Predecessors:
    <- 18
  In loop: <none>
  Source positions in block:
    HotSpotMethod<Properties$LineReader.readLine()>
 BuboLoopMakers: 

Block 20
  Successors:
    -> 21
    -> 48
  Predecessors:
    <- 19
  In loop: <none>
  Source positions in block:
    HotSpotMethod<Properties$LineReader.readLine()>
 BuboLoopMakers: 

Block 21
  Successors:
    -> 22
    -> 25
  Predecessors:
    <- 20
  In loop: <none>
  Source positions in block:
    HotSpotMethod<Properties$LineReader.readLine()>
 BuboLoopMakers: 

Block 22
  Successors:
    -> 23
    -> 24
  Predecessors:
    <- 21
  In loop: <none>
  Source positions in block:
    HotSpotMethod<Properties$LineReader.readLine()>
 BuboLoopMakers: 

Block 23
  Successors:
    -> 74
  Predecessors:
    <- 22
  In loop: <none>
  Source positions in block:
    HotSpotMethod<Properties$LineReader.readLine()>
 BuboLoopMakers: 

Block 24
  Successors:
    -> 152
  Predecessors:
    <- 22
  In loop: <none>
  Source positions in block:
    HotSpotMethod<Properties$LineReader.readLine()>
 BuboLoopMakers: 

Block 25
  Successors:
    -> 26
    -> 47
  Predecessors:
    <- 21
  In loop: <none>
  Source positions in block:
    HotSpotMethod<Properties$LineReader.readLine()>
 BuboLoopMakers: 

Block 26
  Successors:
    -> 27
    -> 46
  Predecessors:
    <- 25
  In loop: <none>
  Source positions in block:
    HotSpotMethod<Properties$LineReader.readLine()>
 BuboLoopMakers: 

Block 27
  Successors:
    -> 28
    -> 31
  Predecessors:
    <- 26
  In loop: <none>
  Source positions in block:
    HotSpotMethod<Properties$LineReader.readLine()>
 BuboLoopMakers: 

Block 28
  Successors:
    -> 29
    -> 30
  Predecessors:
    <- 27
  In loop: <none>
  Source positions in block:
    HotSpotMethod<Properties$LineReader.readLine()>
 BuboLoopMakers: 

Block 29
  Successors:
    -> 74
  Predecessors:
    <- 28
  In loop: <none>
  Source positions in block:
    HotSpotMethod<Properties$LineReader.readLine()>
 BuboLoopMakers: 

Block 30
  Successors:
    -> 152
  Predecessors:
    <- 28
  In loop: <none>
  Source positions in block:
    HotSpotMethod<Properties$LineReader.readLine()>
 BuboLoopMakers: 

Block 31
  Successors:
    -> 32
    -> 38
  Predecessors:
    <- 27
  In loop: <none>
  Source positions in block:
    HotSpotMethod<Properties$LineReader.readLine()>
 BuboLoopMakers: 

Block 32
  Successors:
    -> 33
    -> 36
  Predecessors:
    <- 31
  In loop: <none>
  Source positions in block:
    HotSpotMethod<Properties$LineReader.readLine()>
 BuboLoopMakers: 

Block 33
  Successors:
    -> 38
    -> 35
  Predecessors:
    <- 32
  In loop: <none>
  Source positions in block:
    HotSpotMethod<Properties$LineReader.readLine()>
 BuboLoopMakers: 

Block 34
  Successors:
    -> 38
  Predecessors:
    <- 33
  In loop: <none>
  Source positions in block:
    HotSpotMethod<Properties$LineReader.readLine()>
 BuboLoopMakers: 

Block 35
  Successors:
    -> 152
  Predecessors:
    <- 33
  In loop: <none>
  Source positions in block:
    HotSpotMethod<Properties$LineReader.readLine()>
 BuboLoopMakers: 

Block 36
  Successors:
    -> 152
  Predecessors:
    <- 32
  In loop: <none>
  Source positions in block:
    HotSpotMethod<Properties$LineReader.readLine()>
 BuboLoopMakers: 

Block 37
  Successors:
    -> 38
  Predecessors:
    <- 31
  In loop: <none>
  Source positions in block:
    HotSpotMethod<Properties$LineReader.readLine()>
 BuboLoopMakers: 

Block 38
  Successors:
    -> 39
  Predecessors:
    <- 31
    <- 33
  In loop: <none>
  Source positions in block:
    HotSpotMethod<Properties$LineReader.readLine()>
 BuboLoopMakers: 

Block 39
  Successors:
    -> 40
    -> 44
  Predecessors:
    <- 38
    <- 43
  In loop: L5
  Source positions in block:
    HotSpotMethod<BuboAgentCompilerMarkers.Marker5()>
 BuboLoopMakers: 

Block 40
  Successors:
    -> 41
    -> 43
  Predecessors:
    <- 39
  In loop: L5
  Source positions in block:
    HotSpotMethod<BuboAgentCompilerMarkers.Marker5()>
 BuboLoopMakers: 

Block 41
  Successors:
    -> 45
    -> 42
  Predecessors:
    <- 40
  In loop: <none>
  Source positions in block:
    HotSpotMethod<Properties$LineReader.readLine()>
 BuboLoopMakers: 

Block 42
  Successors:
  Predecessors:
    <- 41
  In loop: <none>
  Source positions in block:
    HotSpotMethod<Properties$LineReader.readLine()>
 BuboLoopMakers: 

Block 43
  Successors:
    -> 39
  Predecessors:
    <- 40
  In loop: L5
  Source positions in block:
    HotSpotMethod<BuboAgentCompilerMarkers.Marker5()>
 BuboLoopMakers: 

Block 44
  Successors:
    -> 50
  Predecessors:
    <- 39
  In loop: <none>
  Source positions in block:
    HotSpotMethod<Properties$LineReader.readLine()>
 BuboLoopMakers: 

Block 45
  Successors:
    -> 74
  Predecessors:
    <- 41
  In loop: <none>
  Source positions in block:
    HotSpotMethod<Properties$LineReader.readLine()>
 BuboLoopMakers: 

Block 46
  Successors:
    -> 152
  Predecessors:
    <- 26
  In loop: <none>
  Source positions in block:
    HotSpotMethod<Properties$LineReader.readLine()>
 BuboLoopMakers: 

Block 47
  Successors:
    -> 50
  Predecessors:
    <- 25
  In loop: <none>
  Source positions in block:
    HotSpotMethod<Properties$LineReader.readLine()>
 BuboLoopMakers: 

Block 48
  Successors:
    -> 152
  Predecessors:
    <- 20
  In loop: <none>
  Source positions in block:
    HotSpotMethod<Properties$LineReader.readLine()>
 BuboLoopMakers: 

Block 49
  Successors:
    -> 50
  Predecessors:
    <- 19
  In loop: <none>
  Source positions in block:
    HotSpotMethod<Properties$LineReader.readLine()>
 BuboLoopMakers: 

Block 50
  Successors:
    -> 51
    -> 147
  Predecessors:
    <- 44
    <- 19
    <- 47
  In loop: <none>
  Source positions in block:
    HotSpotMethod<Properties$LineReader.readLine()>
 BuboLoopMakers: 

Block 51
  Successors:
    -> 52
    -> 53
  Predecessors:
    <- 50
  In loop: <none>
  Source positions in block:
    HotSpotMethod<Properties$LineReader.readLine()>
 BuboLoopMakers: 

Block 52
  Successors:
  Predecessors:
    <- 51
  In loop: <none>
  Source positions in block:
    HotSpotMethod<Properties$LineReader.readLine()>
 BuboLoopMakers: 

Block 53
  Successors:
    -> 54
  Predecessors:
    <- 51
  In loop: <none>
  Source positions in block:
    HotSpotMethod<Properties$LineReader.readLine()>
 BuboLoopMakers: 

Block 54
  Successors:
    -> 60
    -> 56
  Predecessors:
    <- 53
    <- 70
  In loop: L3
  Source positions in block:
    HotSpotMethod<BuboAgentCompilerMarkers.Marker3()>
 BuboLoopMakers: 

Block 55
  Successors:
    -> 60
  Predecessors:
    <- 54
  In loop: L3
  Source positions in block:
    HotSpotMethod<Properties$LineReader.readLine()>
 BuboLoopMakers: 

Block 56
  Successors:
    -> 57
    -> 145
  Predecessors:
    <- 54
  In loop: L3
  Source positions in block:
    HotSpotMethod<BuboAgentCompilerMarkers.Marker3()>
 BuboLoopMakers: 

Block 57
  Successors:
    -> 58
    -> 60
  Predecessors:
    <- 56
  In loop: L3
  Source positions in block:
    HotSpotMethod<BuboAgentCompilerMarkers.Marker3()>
 BuboLoopMakers: 

Block 58
  Successors:
    -> 146
  Predecessors:
    <- 57
  In loop: <none>
  Source positions in block:
    HotSpotMethod<Properties$LineReader.readLine()>
 BuboLoopMakers: 

Block 59
  Successors:
    -> 60
  Predecessors:
    <- 57
  In loop: L3
  Source positions in block:
    HotSpotMethod<Properties$LineReader.readLine()>
 BuboLoopMakers: 

Block 60
  Successors:
    -> 61
    -> 62
  Predecessors:
    <- 54
    <- 57
  In loop: L3
  Source positions in block:
    HotSpotMethod<BuboAgentCompilerMarkers.Marker3()>
 BuboLoopMakers: 

Block 61
  Successors:
    -> 146
  Predecessors:
    <- 60
  In loop: <none>
  Source positions in block:
    HotSpotMethod<Properties$LineReader.readLine()>
 BuboLoopMakers: 

Block 62
  Successors:
    -> 63
  Predecessors:
    <- 60
  In loop: L3
  Source positions in block:
    HotSpotMethod<BuboAgentCompilerMarkers.Marker3()>
 BuboLoopMakers: 

Block 63
  Successors:
    -> 64
    -> 68
  Predecessors:
    <- 62
    <- 67
  In loop: L4
  Source positions in block:
    HotSpotMethod<BuboAgentCompilerMarkers.Marker4()>
 BuboLoopMakers: 

Block 64
  Successors:
    -> 65
    -> 67
  Predecessors:
    <- 63
  In loop: L4
  Source positions in block:
    HotSpotMethod<BuboAgentCompilerMarkers.Marker4()>
 BuboLoopMakers: 

Block 65
  Successors:
    -> 69
    -> 66
  Predecessors:
    <- 64
  In loop: <none>
  Source positions in block:
    HotSpotMethod<Properties$LineReader.readLine()>
 BuboLoopMakers: 

Block 66
  Successors:
  Predecessors:
    <- 65
  In loop: <none>
  Source positions in block:
    HotSpotMethod<Properties$LineReader.readLine()>
 BuboLoopMakers: 

Block 67
  Successors:
    -> 63
  Predecessors:
    <- 64
  In loop: L4
  Source positions in block:
    HotSpotMethod<BuboAgentCompilerMarkers.Marker4()>
 BuboLoopMakers: 

Block 68
  Successors:
    -> 70
    -> 144
  Predecessors:
    <- 63
  In loop: L3
  Source positions in block:
    HotSpotMethod<BuboAgentCompilerMarkers.Marker3()>
 BuboLoopMakers: 

Block 69
  Successors:
    -> 73
  Predecessors:
    <- 65
  In loop: <none>
  Source positions in block:
    HotSpotMethod<Properties$LineReader.readLine()>
 BuboLoopMakers: 

Block 70
  Successors:
    -> 71
    -> 54
  Predecessors:
    <- 68
  In loop: L3
  Source positions in block:
    HotSpotMethod<BuboAgentCompilerMarkers.Marker3()>
 BuboLoopMakers: 

Block 71
  Successors:
  Predecessors:
    <- 70
  In loop: <none>
  Source positions in block:
    HotSpotMethod<Properties$LineReader.readLine()>
 BuboLoopMakers: 

Block 72
  Successors:
    -> 54
  Predecessors:
    <- 70
  In loop: L3
  Source positions in block:
    HotSpotMethod<Properties$LineReader.readLine()>
 BuboLoopMakers: 

Block 73
  Successors:
    -> 74
  Predecessors:
    <- 69
  In loop: <none>
  Source positions in block:
    HotSpotMethod<Properties$LineReader.readLine()>
 BuboLoopMakers: 

Block 74
  Successors:
    -> 75
  Predecessors:
    <- 73
    <- 45
    <- 23
    <- 29
  In loop: <none>
  Source positions in block:
    HotSpotMethod<Properties$LineReader.readLine()>
 BuboLoopMakers: 

Block 75
  Successors:
    -> 76
    -> 142
  Predecessors:
    <- 74
    <- 89
    <- 115
    <- 136
  In loop: L0
  Source positions in block:
    HotSpotMethod<BuboAgentCompilerMarkers.Marker0()>
 BuboLoopMakers: 

Block 76
  Successors:
    -> 77
    -> 141
  Predecessors:
    <- 75
  In loop: L0
  Source positions in block:
    HotSpotMethod<BuboAgentCompilerMarkers.Marker0()>
 BuboLoopMakers: 

Block 77
  Successors:
    -> 78
    -> 79
  Predecessors:
    <- 76
  In loop: L0
  Source positions in block:
    HotSpotMethod<BuboAgentCompilerMarkers.Marker0()>
 BuboLoopMakers: 

Block 78
  Successors:
    -> 143
  Predecessors:
    <- 77
  In loop: <none>
  Source positions in block:
    HotSpotMethod<Properties$LineReader.readLine()>
 BuboLoopMakers: 

Block 79
  Successors:
    -> 93
    -> 81
  Predecessors:
    <- 77
  In loop: L0
  Source positions in block:
    HotSpotMethod<BuboAgentCompilerMarkers.Marker0()>
 BuboLoopMakers: 

Block 80
  Successors:
    -> 93
  Predecessors:
    <- 79
  In loop: L0
  Source positions in block:
    HotSpotMethod<Properties$LineReader.readLine()>
 BuboLoopMakers: 

Block 81
  Successors:
    -> 82
    -> 83
  Predecessors:
    <- 79
  In loop: L0
  Source positions in block:
    HotSpotMethod<BuboAgentCompilerMarkers.Marker0()>
 BuboLoopMakers: 

Block 82
  Successors:
    -> 143
  Predecessors:
    <- 81
  In loop: <none>
  Source positions in block:
    HotSpotMethod<Properties$LineReader.readLine()>
 BuboLoopMakers: 

Block 83
  Successors:
    -> 84
    -> 85
  Predecessors:
    <- 81
  In loop: L0
  Source positions in block:
    HotSpotMethod<BuboAgentCompilerMarkers.Marker0()>
 BuboLoopMakers: 

Block 84
  Successors:
    -> 143
  Predecessors:
    <- 83
  In loop: <none>
  Source positions in block:
    HotSpotMethod<Properties$LineReader.readLine()>
 BuboLoopMakers: 

Block 85
  Successors:
    -> 86
    -> 87
  Predecessors:
    <- 83
  In loop: L0
  Source positions in block:
    HotSpotMethod<BuboAgentCompilerMarkers.Marker0()>
 BuboLoopMakers: 

Block 86
  Successors:
    -> 143
  Predecessors:
    <- 85
  In loop: <none>
  Source positions in block:
    HotSpotMethod<Properties$LineReader.readLine()>
 BuboLoopMakers: 

Block 87
  Successors:
    -> 88
    -> 140
  Predecessors:
    <- 85
  In loop: L0
  Source positions in block:
    HotSpotMethod<BuboAgentCompilerMarkers.Marker0()>
 BuboLoopMakers: 

Block 88
  Successors:
    -> 89
    -> 90
  Predecessors:
    <- 87
  In loop: L0
  Source positions in block:
    HotSpotMethod<BuboAgentCompilerMarkers.Marker0()>
 BuboLoopMakers: 

Block 89
  Successors:
    -> 75
  Predecessors:
    <- 88
  In loop: L0
  Source positions in block:
    HotSpotMethod<BuboAgentCompilerMarkers.Marker0()>
 BuboLoopMakers: 

Block 90
  Successors:
    -> 91
    -> 92
  Predecessors:
    <- 88
  In loop: L0
  Source positions in block:
    HotSpotMethod<BuboAgentCompilerMarkers.Marker0()>
 BuboLoopMakers: 

Block 91
  Successors:
    -> 143
  Predecessors:
    <- 90
  In loop: <none>
  Source positions in block:
    HotSpotMethod<Properties$LineReader.readLine()>
 BuboLoopMakers: 

Block 92
  Successors:
    -> 93
  Predecessors:
    <- 90
  In loop: L0
  Source positions in block:
    HotSpotMethod<BuboAgentCompilerMarkers.Marker0()>
 BuboLoopMakers: 

Block 93
  Successors:
    -> 94
    -> 121
  Predecessors:
    <- 79
    <- 92
  In loop: L0
  Source positions in block:
    HotSpotMethod<BuboAgentCompilerMarkers.Marker0()>
 BuboLoopMakers: 

Block 94
  Successors:
    -> 95
    -> 117
  Predecessors:
    <- 93
  In loop: L0
  Source positions in block:
    HotSpotMethod<BuboAgentCompilerMarkers.Marker0()>
 BuboLoopMakers: 

Block 95
  Successors:
    -> 96
  Predecessors:
    <- 94
  In loop: L0
  Source positions in block:
    HotSpotMethod<BuboAgentCompilerMarkers.Marker0()>
 BuboLoopMakers: 

Block 96
  Successors:
    -> 97
    -> 104
  Predecessors:
    <- 95
    <- 114
  In loop: L1
  Source positions in block:
    HotSpotMethod<BuboAgentCompilerMarkers.Marker1()>
 BuboLoopMakers: 

Block 97
  Successors:
    -> 98
    -> 102
  Predecessors:
    <- 96
  In loop: L1
  Source positions in block:
    HotSpotMethod<BuboAgentCompilerMarkers.Marker1()>
 BuboLoopMakers: 

Block 98
  Successors:
    -> 104
    -> 102
  Predecessors:
    <- 97
  In loop: L1
  Source positions in block:
    HotSpotMethod<BuboAgentCompilerMarkers.Marker1()>
 BuboLoopMakers: 

Block 99
  Successors:
    -> 104
  Predecessors:
    <- 98
  In loop: L1
  Source positions in block:
    HotSpotMethod<Properties$LineReader.readLine()>
 BuboLoopMakers: 

Block 100
  Successors:
    -> 102
  Predecessors:
    <- 98
  In loop: <none>
  Source positions in block:
    HotSpotMethod<Properties$LineReader.readLine()>
 BuboLoopMakers: 

Block 101
  Successors:
    -> 102
  Predecessors:
    <- 97
  In loop: <none>
  Source positions in block:
    HotSpotMethod<Properties$LineReader.readLine()>
 BuboLoopMakers: 

Block 102
  Successors:
  Predecessors:
    <- 97
    <- 98
  In loop: <none>
  Source positions in block:
    HotSpotMethod<Properties$LineReader.readLine()>
 BuboLoopMakers: 

Block 103
  Successors:
    -> 104
  Predecessors:
    <- 96
  In loop: L1
  Source positions in block:
    HotSpotMethod<Properties$LineReader.readLine()>
 BuboLoopMakers: 

Block 104
  Successors:
    -> 105
  Predecessors:
    <- 96
    <- 98
  In loop: L1
  Source positions in block:
    HotSpotMethod<BuboAgentCompilerMarkers.Marker1()>
 BuboLoopMakers: 

Block 105
  Successors:
    -> 106
    -> 110
  Predecessors:
    <- 104
    <- 109
  In loop: L2
  Source positions in block:
    HotSpotMethod<BuboAgentCompilerMarkers.Marker2()>
 BuboLoopMakers: 

Block 106
  Successors:
    -> 107
    -> 109
  Predecessors:
    <- 105
  In loop: L2
  Source positions in block:
    HotSpotMethod<BuboAgentCompilerMarkers.Marker2()>
 BuboLoopMakers: 

Block 107
  Successors:
    -> 111
    -> 108
  Predecessors:
    <- 106
  In loop: L0
  Source positions in block:
    HotSpotMethod<BuboAgentCompilerMarkers.Marker0()>
 BuboLoopMakers: 

Block 108
  Successors:
  Predecessors:
    <- 107
  In loop: <none>
  Source positions in block:
    HotSpotMethod<Properties$LineReader.readLine()>
 BuboLoopMakers: 

Block 109
  Successors:
    -> 105
  Predecessors:
    <- 106
  In loop: L2
  Source positions in block:
    HotSpotMethod<BuboAgentCompilerMarkers.Marker2()>
 BuboLoopMakers: 

Block 110
  Successors:
    -> 112
    -> 116
  Predecessors:
    <- 105
  In loop: L1
  Source positions in block:
    HotSpotMethod<BuboAgentCompilerMarkers.Marker1()>
 BuboLoopMakers: 

Block 111
  Successors:
    -> 115
  Predecessors:
    <- 107
  In loop: L0
  Source positions in block:
    HotSpotMethod<BuboAgentCompilerMarkers.Marker0()>
 BuboLoopMakers: 

Block 112
  Successors:
    -> 113
    -> 114
  Predecessors:
    <- 110
  In loop: L1
  Source positions in block:
    HotSpotMethod<BuboAgentCompilerMarkers.Marker1()>
 BuboLoopMakers: 

Block 113
  Successors:
  Predecessors:
    <- 112
  In loop: <none>
  Source positions in block:
    HotSpotMethod<Properties$LineReader.readLine()>
 BuboLoopMakers: 

Block 114
  Successors:
    -> 96
  Predecessors:
    <- 112
  In loop: L1
  Source positions in block:
    HotSpotMethod<BuboAgentCompilerMarkers.Marker1()>
 BuboLoopMakers: 

Block 115
  Successors:
    -> 75
  Predecessors:
    <- 111
  In loop: L0
  Source positions in block:
    HotSpotMethod<BuboAgentCompilerMarkers.Marker0()>
 BuboLoopMakers: 

Block 116
  Successors:
  Predecessors:
    <- 110
  In loop: <none>
  Source positions in block:
    HotSpotMethod<Properties$LineReader.readLine()>
 BuboLoopMakers: 

Block 117
  Successors:
    -> 118
    -> 119
  Predecessors:
    <- 94
  In loop: L0
  Source positions in block:
    HotSpotMethod<BuboAgentCompilerMarkers.Marker0()>
 BuboLoopMakers: 

Block 118
  Successors:
  Predecessors:
    <- 117
  In loop: <none>
  Source positions in block:
    HotSpotMethod<Properties$LineReader.readLine()>
 BuboLoopMakers: 

Block 119
  Successors:
    -> 121
  Predecessors:
    <- 117
  In loop: L0
  Source positions in block:
    HotSpotMethod<BuboAgentCompilerMarkers.Marker0()>
 BuboLoopMakers: 

Block 120
  Successors:
    -> 121
  Predecessors:
    <- 93
  In loop: L0
  Source positions in block:
    HotSpotMethod<Properties$LineReader.readLine()>
 BuboLoopMakers: 

Block 121
  Successors:
    -> 122
    -> 128
  Predecessors:
    <- 93
    <- 119
  In loop: L0
  Source positions in block:
    HotSpotMethod<BuboAgentCompilerMarkers.Marker0()>
 BuboLoopMakers: 

Block 122
  Successors:
    -> 123
    -> 124
  Predecessors:
    <- 121
  In loop: <none>
  Source positions in block:
    HotSpotMethod<Properties$LineReader.readLine()>
 BuboLoopMakers: 

Block 123
  Successors:
    -> 139
  Predecessors:
    <- 122
  In loop: <none>
  Source positions in block:
    HotSpotMethod<Properties$LineReader.readLine()>
 BuboLoopMakers: 

Block 124
  Successors:
    -> 125
    -> 127
  Predecessors:
    <- 122
  In loop: <none>
  Source positions in block:
    HotSpotMethod<Properties$LineReader.readLine()>
 BuboLoopMakers: 

Block 125
  Successors:
    -> 137
    -> 126
  Predecessors:
    <- 124
  In loop: <none>
  Source positions in block:
    HotSpotMethod<Properties$LineReader.readLine()>
 BuboLoopMakers: 

Block 126
  Successors:
    -> 139
  Predecessors:
    <- 125
  In loop: <none>
  Source positions in block:
    HotSpotMethod<Properties$LineReader.readLine()>
 BuboLoopMakers: 

Block 127
  Successors:
    -> 139
  Predecessors:
    <- 124
  In loop: <none>
  Source positions in block:
    HotSpotMethod<Properties$LineReader.readLine()>
 BuboLoopMakers: 

Block 128
  Successors:
    -> 129
    -> 138
  Predecessors:
    <- 121
  In loop: L0
  Source positions in block:
    HotSpotMethod<BuboAgentCompilerMarkers.Marker0()>
 BuboLoopMakers: 

Block 129
  Successors:
    -> 130
    -> 131
  Predecessors:
    <- 128
  In loop: L0
  Source positions in block:
    HotSpotMethod<BuboAgentCompilerMarkers.Marker0()>
 BuboLoopMakers: 

Block 130
  Successors:
    -> 139
  Predecessors:
    <- 129
  In loop: <none>
  Source positions in block:
    HotSpotMethod<Properties$LineReader.readLine()>
 BuboLoopMakers: 

Block 131
  Successors:
    -> 132
    -> 133
  Predecessors:
    <- 129
  In loop: L0
  Source positions in block:
    HotSpotMethod<BuboAgentCompilerMarkers.Marker0()>
 BuboLoopMakers: 

Block 132
  Successors:
    -> 135
  Predecessors:
    <- 131
  In loop: <none>
  Source positions in block:
    HotSpotMethod<Properties$LineReader.readLine()>
 BuboLoopMakers: 

Block 133
  Successors:
    -> 134
    -> 136
  Predecessors:
    <- 131
  In loop: L0
  Source positions in block:
    HotSpotMethod<BuboAgentCompilerMarkers.Marker0()>
 BuboLoopMakers: 

Block 134
  Successors:
    -> 135
  Predecessors:
    <- 133
  In loop: <none>
  Source positions in block:
    HotSpotMethod<Properties$LineReader.readLine()>
 BuboLoopMakers: 

Block 135
  Successors:
  Predecessors:
    <- 132
    <- 134
  In loop: <none>
  Source positions in block:
    HotSpotMethod<Properties$LineReader.readLine()>
 BuboLoopMakers: 

Block 136
  Successors:
    -> 75
  Predecessors:
    <- 133
  In loop: L0
  Source positions in block:
    HotSpotMethod<BuboAgentCompilerMarkers.Marker0()>
 BuboLoopMakers: 

Block 137
  Successors:
  Predecessors:
    <- 125
  In loop: <none>
  Source positions in block:
    HotSpotMethod<Properties$LineReader.readLine()>
 BuboLoopMakers: 

Block 138
  Successors:
    -> 139
  Predecessors:
    <- 128
  In loop: <none>
  Source positions in block:
    HotSpotMethod<Properties$LineReader.readLine()>
 BuboLoopMakers: 

Block 139
  Successors:
  Predecessors:
    <- 123
    <- 130
    <- 138
    <- 127
    <- 126
  In loop: <none>
  Source positions in block:
    HotSpotMethod<Properties$LineReader.readLine()>
 BuboLoopMakers: 

Block 140
  Successors:
    -> 143
  Predecessors:
    <- 87
  In loop: <none>
  Source positions in block:
    HotSpotMethod<Properties$LineReader.readLine()>
 BuboLoopMakers: 

Block 141
  Successors:
    -> 143
  Predecessors:
    <- 76
  In loop: <none>
  Source positions in block:
    HotSpotMethod<Properties$LineReader.readLine()>
 BuboLoopMakers: 

Block 142
  Successors:
    -> 143
  Predecessors:
    <- 75
  In loop: <none>
  Source positions in block:
    HotSpotMethod<Properties$LineReader.readLine()>
 BuboLoopMakers: 

Block 143
  Successors:
  Predecessors:
    <- 78
    <- 142
    <- 141
    <- 82
    <- 84
    <- 86
    <- 91
    <- 140
  In loop: <none>
  Source positions in block:
    HotSpotMethod<Properties$LineReader.readLine()>
 BuboLoopMakers: 

Block 144
  Successors:
  Predecessors:
    <- 68
  In loop: <none>
  Source positions in block:
    HotSpotMethod<Properties$LineReader.readLine()>
 BuboLoopMakers: 

Block 145
  Successors:
    -> 146
  Predecessors:
    <- 56
  In loop: <none>
  Source positions in block:
    HotSpotMethod<Properties$LineReader.readLine()>
 BuboLoopMakers: 

Block 146
  Successors:
  Predecessors:
    <- 61
    <- 145
    <- 58
  In loop: <none>
  Source positions in block:
    HotSpotMethod<Properties$LineReader.readLine()>
 BuboLoopMakers: 

Block 147
  Successors:
  Predecessors:
    <- 50
  In loop: <none>
  Source positions in block:
    HotSpotMethod<Properties$LineReader.readLine()>
 BuboLoopMakers: 

Block 148
  Successors:
    -> 152
  Predecessors:
    <- 18
  In loop: <none>
  Source positions in block:
    HotSpotMethod<Properties$LineReader.readLine()>
 BuboLoopMakers: 

Block 149
  Successors:
    -> 152
  Predecessors:
    <- 16
  In loop: <none>
  Source positions in block:
    HotSpotMethod<Properties$LineReader.readLine()>
 BuboLoopMakers: 

Block 150
  Successors:
    -> 152
  Predecessors:
    <- 9
  In loop: <none>
  Source positions in block:
    HotSpotMethod<Properties$LineReader.readLine()>
 BuboLoopMakers: 

Block 151
  Successors:
    -> 152
  Predecessors:
    <- 5
  In loop: <none>
  Source positions in block:
    HotSpotMethod<Properties$LineReader.readLine()>
 BuboLoopMakers: 

Block 152
  Successors:
  Predecessors:
    <- 151
    <- 150
    <- 149
    <- 148
    <- 24
    <- 48
    <- 30
    <- 46
    <- 36
    <- 35
  In loop: <none>
  Source positions in block:
    HotSpotMethod<Properties$LineReader.readLine()>
 BuboLoopMakers: 

=== End HumphreysDebugDataPhase ===
=== HumphreysDebugDataPhase ===
Compilation: 89-java.util.Properties$LineReader.readLine()
Number of loops: 3

Block 0
  Successors:
    -> 1
  Predecessors:
  In loop: <none>
  Source positions in block:
    HotSpotMethod<Properties$LineReader.readLine()>
 BuboLoopMakers: 

Block 1
  Successors:
    -> 6
    -> 3
  Predecessors:
    <- 0
    <- 10
    <- 17
    <- 45
    <- 64
    <- 55
    <- 67
  In loop: L0
  Source positions in block:
    HotSpotMethod<BuboAgentCompilerMarkers.Marker0()>
 BuboLoopMakers: 

Block 2
  Successors:
    -> 6
  Predecessors:
    <- 1
  In loop: L0
  Source positions in block:
    HotSpotMethod<Properties$LineReader.readLine()>
 BuboLoopMakers: 

Block 3
  Successors:
    -> 4
    -> 5
  Predecessors:
    <- 1
  In loop: L0
  Source positions in block:
    HotSpotMethod<BuboAgentCompilerMarkers.Marker0()>
 BuboLoopMakers: 

Block 4
  Successors:
  Predecessors:
    <- 3
  In loop: <none>
  Source positions in block:
    HotSpotMethod<Properties$LineReader.readLine()>
 BuboLoopMakers: 

Block 5
  Successors:
    -> 6
  Predecessors:
    <- 3
  In loop: L0
  Source positions in block:
    HotSpotMethod<BuboAgentCompilerMarkers.Marker0()>
 BuboLoopMakers: 

Block 6
  Successors:
    -> 7
    -> 71
  Predecessors:
    <- 1
    <- 5
  In loop: L0
  Source positions in block:
    HotSpotMethod<BuboAgentCompilerMarkers.Marker0()>
 BuboLoopMakers: 

Block 7
  Successors:
    -> 22
    -> 9
  Predecessors:
    <- 6
  In loop: L0
  Source positions in block:
    HotSpotMethod<BuboAgentCompilerMarkers.Marker0()>
 BuboLoopMakers: 

Block 8
  Successors:
    -> 22
  Predecessors:
    <- 7
  In loop: L0
  Source positions in block:
    HotSpotMethod<Properties$LineReader.readLine()>
 BuboLoopMakers: 

Block 9
  Successors:
    -> 10
    -> 11
  Predecessors:
    <- 7
  In loop: L0
  Source positions in block:
    HotSpotMethod<BuboAgentCompilerMarkers.Marker0()>
 BuboLoopMakers: 

Block 10
  Successors:
    -> 1
  Predecessors:
    <- 9
  In loop: L0
  Source positions in block:
    HotSpotMethod<BuboAgentCompilerMarkers.Marker0()>
 BuboLoopMakers: 

Block 11
  Successors:
    -> 12
    -> 13
  Predecessors:
    <- 9
  In loop: L0
  Source positions in block:
    HotSpotMethod<BuboAgentCompilerMarkers.Marker0()>
 BuboLoopMakers: 

Block 12
  Successors:
    -> 72
  Predecessors:
    <- 11
  In loop: <none>
  Source positions in block:
    HotSpotMethod<Properties$LineReader.readLine()>
 BuboLoopMakers: 

Block 13
  Successors:
    -> 14
    -> 15
  Predecessors:
    <- 11
  In loop: L0
  Source positions in block:
    HotSpotMethod<BuboAgentCompilerMarkers.Marker0()>
 BuboLoopMakers: 

Block 14
  Successors:
    -> 72
  Predecessors:
    <- 13
  In loop: <none>
  Source positions in block:
    HotSpotMethod<Properties$LineReader.readLine()>
 BuboLoopMakers: 

Block 15
  Successors:
    -> 16
    -> 21
  Predecessors:
    <- 13
  In loop: L0
  Source positions in block:
    HotSpotMethod<BuboAgentCompilerMarkers.Marker0()>
 BuboLoopMakers: 

Block 16
  Successors:
    -> 17
    -> 18
  Predecessors:
    <- 15
  In loop: L0
  Source positions in block:
    HotSpotMethod<BuboAgentCompilerMarkers.Marker0()>
 BuboLoopMakers: 

Block 17
  Successors:
    -> 1
  Predecessors:
    <- 16
  In loop: L0
  Source positions in block:
    HotSpotMethod<BuboAgentCompilerMarkers.Marker0()>
 BuboLoopMakers: 

Block 18
  Successors:
    -> 19
    -> 20
  Predecessors:
    <- 16
  In loop: L0
  Source positions in block:
    HotSpotMethod<BuboAgentCompilerMarkers.Marker0()>
 BuboLoopMakers: 

Block 19
  Successors:
    -> 72
  Predecessors:
    <- 18
  In loop: <none>
  Source positions in block:
    HotSpotMethod<Properties$LineReader.readLine()>
 BuboLoopMakers: 

Block 20
  Successors:
    -> 22
  Predecessors:
    <- 18
  In loop: L0
  Source positions in block:
    HotSpotMethod<BuboAgentCompilerMarkers.Marker0()>
 BuboLoopMakers: 

Block 21
  Successors:
    -> 22
  Predecessors:
    <- 15
  In loop: L0
  Source positions in block:
    HotSpotMethod<BuboAgentCompilerMarkers.Marker0()>
 BuboLoopMakers: 

Block 22
  Successors:
    -> 23
    -> 50
  Predecessors:
    <- 7
    <- 21
    <- 20
  In loop: L0
  Source positions in block:
    HotSpotMethod<BuboAgentCompilerMarkers.Marker0()>
 BuboLoopMakers: 

Block 23
  Successors:
    -> 24
    -> 46
  Predecessors:
    <- 22
  In loop: L0
  Source positions in block:
    HotSpotMethod<BuboAgentCompilerMarkers.Marker0()>
 BuboLoopMakers: 

Block 24
  Successors:
    -> 25
  Predecessors:
    <- 23
  In loop: L0
  Source positions in block:
    HotSpotMethod<BuboAgentCompilerMarkers.Marker0()>
 BuboLoopMakers: 

Block 25
  Successors:
    -> 26
    -> 33
  Predecessors:
    <- 24
    <- 43
  In loop: L1
  Source positions in block:
    HotSpotMethod<BuboAgentCompilerMarkers.Marker1()>
 BuboLoopMakers: 

Block 26
  Successors:
    -> 27
    -> 31
  Predecessors:
    <- 25
  In loop: L1
  Source positions in block:
    HotSpotMethod<BuboAgentCompilerMarkers.Marker1()>
 BuboLoopMakers: 

Block 27
  Successors:
    -> 33
    -> 31
  Predecessors:
    <- 26
  In loop: L1
  Source positions in block:
    HotSpotMethod<BuboAgentCompilerMarkers.Marker1()>
 BuboLoopMakers: 

Block 28
  Successors:
    -> 33
  Predecessors:
    <- 27
  In loop: L1
  Source positions in block:
    HotSpotMethod<Properties$LineReader.readLine()>
 BuboLoopMakers: 

Block 29
  Successors:
    -> 31
  Predecessors:
    <- 27
  In loop: <none>
  Source positions in block:
    HotSpotMethod<Properties$LineReader.readLine()>
 BuboLoopMakers: 

Block 30
  Successors:
    -> 31
  Predecessors:
    <- 26
  In loop: <none>
  Source positions in block:
    HotSpotMethod<Properties$LineReader.readLine()>
 BuboLoopMakers: 

Block 31
  Successors:
  Predecessors:
    <- 26
    <- 27
  In loop: <none>
  Source positions in block:
    HotSpotMethod<Properties$LineReader.readLine()>
 BuboLoopMakers: 

Block 32
  Successors:
    -> 33
  Predecessors:
    <- 25
  In loop: L1
  Source positions in block:
    HotSpotMethod<Properties$LineReader.readLine()>
 BuboLoopMakers: 

Block 33
  Successors:
    -> 34
  Predecessors:
    <- 25
    <- 27
  In loop: L1
  Source positions in block:
    HotSpotMethod<BuboAgentCompilerMarkers.Marker1()>
 BuboLoopMakers: 

Block 34
  Successors:
    -> 35
    -> 40
  Predecessors:
    <- 33
    <- 35
  In loop: L2
  Source positions in block:
    HotSpotMethod<BuboAgentCompilerMarkers.Marker2()>
 BuboLoopMakers: 

Block 35
  Successors:
    -> 36
    -> 34
  Predecessors:
    <- 34
  In loop: L2
  Source positions in block:
    HotSpotMethod<BuboAgentCompilerMarkers.Marker2()>
 BuboLoopMakers: 

Block 36
  Successors:
    -> 39
    -> 37
  Predecessors:
    <- 35
  In loop: L0
  Source positions in block:
    HotSpotMethod<BuboAgentCompilerMarkers.Marker0()>
 BuboLoopMakers: 

Block 37
  Successors:
  Predecessors:
    <- 36
  In loop: <none>
  Source positions in block:
    HotSpotMethod<Properties$LineReader.readLine()>
 BuboLoopMakers: 

Block 38
  Successors:
    -> 34
  Predecessors:
    <- 35
  In loop: L2
  Source positions in block:
    HotSpotMethod<Properties$LineReader.readLine()>
 BuboLoopMakers: 

Block 39
  Successors:
    -> 45
  Predecessors:
    <- 36
  In loop: L0
  Source positions in block:
    HotSpotMethod<BuboAgentCompilerMarkers.Marker0()>
 BuboLoopMakers: 

Block 40
  Successors:
    -> 41
    -> 44
  Predecessors:
    <- 34
  In loop: L1
  Source positions in block:
    HotSpotMethod<BuboAgentCompilerMarkers.Marker1()>
 BuboLoopMakers: 

Block 41
  Successors:
    -> 42
    -> 43
  Predecessors:
    <- 40
  In loop: L1
  Source positions in block:
    HotSpotMethod<BuboAgentCompilerMarkers.Marker1()>
 BuboLoopMakers: 

Block 42
  Successors:
  Predecessors:
    <- 41
  In loop: <none>
  Source positions in block:
    HotSpotMethod<Properties$LineReader.readLine()>
 BuboLoopMakers: 

Block 43
  Successors:
    -> 25
  Predecessors:
    <- 41
  In loop: L1
  Source positions in block:
    HotSpotMethod<BuboAgentCompilerMarkers.Marker1()>
 BuboLoopMakers: 

Block 44
  Successors:
  Predecessors:
    <- 40
  In loop: <none>
  Source positions in block:
    HotSpotMethod<Properties$LineReader.readLine()>
 BuboLoopMakers: 

Block 45
  Successors:
    -> 1
  Predecessors:
    <- 39
  In loop: L0
  Source positions in block:
    HotSpotMethod<BuboAgentCompilerMarkers.Marker0()>
 BuboLoopMakers: 

Block 46
  Successors:
    -> 47
    -> 48
  Predecessors:
    <- 23
  In loop: L0
  Source positions in block:
    HotSpotMethod<BuboAgentCompilerMarkers.Marker0()>
 BuboLoopMakers: 

Block 47
  Successors:
  Predecessors:
    <- 46
  In loop: <none>
  Source positions in block:
    HotSpotMethod<Properties$LineReader.readLine()>
 BuboLoopMakers: 

Block 48
  Successors:
    -> 50
  Predecessors:
    <- 46
  In loop: L0
  Source positions in block:
    HotSpotMethod<BuboAgentCompilerMarkers.Marker0()>
 BuboLoopMakers: 

Block 49
  Successors:
    -> 50
  Predecessors:
    <- 22
  In loop: L0
  Source positions in block:
    HotSpotMethod<Properties$LineReader.readLine()>
 BuboLoopMakers: 

Block 50
  Successors:
    -> 51
    -> 57
  Predecessors:
    <- 22
    <- 48
  In loop: L0
  Source positions in block:
    HotSpotMethod<BuboAgentCompilerMarkers.Marker0()>
 BuboLoopMakers: 

Block 51
  Successors:
    -> 52
    -> 53
  Predecessors:
    <- 50
  In loop: L0
  Source positions in block:
    HotSpotMethod<BuboAgentCompilerMarkers.Marker0()>
 BuboLoopMakers: 

Block 52
  Successors:
    -> 70
  Predecessors:
    <- 51
  In loop: <none>
  Source positions in block:
    HotSpotMethod<Properties$LineReader.readLine()>
 BuboLoopMakers: 

Block 53
  Successors:
    -> 54
    -> 56
  Predecessors:
    <- 51
  In loop: L0
  Source positions in block:
    HotSpotMethod<BuboAgentCompilerMarkers.Marker0()>
 BuboLoopMakers: 

Block 54
  Successors:
    -> 68
    -> 55
  Predecessors:
    <- 53
  In loop: L0
  Source positions in block:
    HotSpotMethod<BuboAgentCompilerMarkers.Marker0()>
 BuboLoopMakers: 

Block 55
  Successors:
    -> 1
  Predecessors:
    <- 54
  In loop: L0
  Source positions in block:
    HotSpotMethod<BuboAgentCompilerMarkers.Marker0()>
 BuboLoopMakers: 

Block 56
  Successors:
    -> 70
  Predecessors:
    <- 53
  In loop: <none>
  Source positions in block:
    HotSpotMethod<Properties$LineReader.readLine()>
 BuboLoopMakers: 

Block 57
  Successors:
    -> 58
    -> 69
  Predecessors:
    <- 50
  In loop: L0
  Source positions in block:
    HotSpotMethod<BuboAgentCompilerMarkers.Marker0()>
 BuboLoopMakers: 

Block 58
  Successors:
    -> 59
    -> 60
  Predecessors:
    <- 57
  In loop: L0
  Source positions in block:
    HotSpotMethod<BuboAgentCompilerMarkers.Marker0()>
 BuboLoopMakers: 

Block 59
  Successors:
    -> 70
  Predecessors:
    <- 58
  In loop: <none>
  Source positions in block:
    HotSpotMethod<Properties$LineReader.readLine()>
 BuboLoopMakers: 

Block 60
  Successors:
    -> 61
    -> 62
  Predecessors:
    <- 58
  In loop: L0
  Source positions in block:
    HotSpotMethod<BuboAgentCompilerMarkers.Marker0()>
 BuboLoopMakers: 

Block 61
  Successors:
    -> 66
  Predecessors:
    <- 60
  In loop: <none>
  Source positions in block:
    HotSpotMethod<Properties$LineReader.readLine()>
 BuboLoopMakers: 

Block 62
  Successors:
    -> 63
    -> 67
  Predecessors:
    <- 60
  In loop: L0
  Source positions in block:
    HotSpotMethod<BuboAgentCompilerMarkers.Marker0()>
 BuboLoopMakers: 

Block 63
  Successors:
    -> 64
    -> 65
  Predecessors:
    <- 62
  In loop: L0
  Source positions in block:
    HotSpotMethod<BuboAgentCompilerMarkers.Marker0()>
 BuboLoopMakers: 

Block 64
  Successors:
    -> 1
  Predecessors:
    <- 63
  In loop: L0
  Source positions in block:
    HotSpotMethod<BuboAgentCompilerMarkers.Marker0()>
 BuboLoopMakers: 

Block 65
  Successors:
    -> 66
  Predecessors:
    <- 63
  In loop: <none>
  Source positions in block:
    HotSpotMethod<Properties$LineReader.readLine()>
 BuboLoopMakers: 

Block 66
  Successors:
  Predecessors:
    <- 61
    <- 65
  In loop: <none>
  Source positions in block:
    HotSpotMethod<Properties$LineReader.readLine()>
 BuboLoopMakers: 

Block 67
  Successors:
    -> 1
  Predecessors:
    <- 62
  In loop: L0
  Source positions in block:
    HotSpotMethod<BuboAgentCompilerMarkers.Marker0()>
 BuboLoopMakers: 

Block 68
  Successors:
  Predecessors:
    <- 54
  In loop: <none>
  Source positions in block:
    HotSpotMethod<Properties$LineReader.readLine()>
 BuboLoopMakers: 

Block 69
  Successors:
    -> 70
  Predecessors:
    <- 57
  In loop: <none>
  Source positions in block:
    HotSpotMethod<Properties$LineReader.readLine()>
 BuboLoopMakers: 

Block 70
  Successors:
  Predecessors:
    <- 52
    <- 59
    <- 69
    <- 56
  In loop: <none>
  Source positions in block:
    HotSpotMethod<Properties$LineReader.readLine()>
 BuboLoopMakers: 

Block 71
  Successors:
    -> 72
  Predecessors:
    <- 6
  In loop: <none>
  Source positions in block:
    HotSpotMethod<Properties$LineReader.readLine()>
 BuboLoopMakers: 

Block 72
  Successors:
  Predecessors:
    <- 71
    <- 12
    <- 14
    <- 19
  In loop: <none>
  Source positions in block:
    HotSpotMethod<Properties$LineReader.readLine()>
 BuboLoopMakers: 

=== End HumphreysDebugDataPhase ===
java.util.Properties$LineReader.readLine()int -1 codeSignature differs d25a0d0990930edb2d7042827331510788ad16335884d9d7fa3367e3fdcd7452 != 43961d71b71ba232ed2694d540aa571e36bd52adf8e4b027613a65dc317ee3ed
java.util.Properties$LineReader.readLine()int -1 graphSignature differs 2b486d112efd309f21b56eed8c0bb9d78dd9081f799ef08ff7c803bfde611f4a != 878ec244077db65df33a3f7d09ba7cba637998f872be81e8c5729e664e547e01
=== HumphreysDebugDataPhase ===
Compilation: 90-java.lang.AbstractStringBuilder.getValue()
Number of loops: 0

Block 0
  Successors:
  Predecessors:
  In loop: <none>
  Source positions in block:
    HotSpotMethod<AbstractStringBuilder.getValue()>
 BuboLoopMakers: 

=== End HumphreysDebugDataPhase ===
=== HumphreysDebugDataPhase ===
Compilation: 91-java.lang.Enum.name()
Number of loops: 0

Block 0
  Successors:
  Predecessors:
  In loop: <none>
  Source positions in block:
    HotSpotMethod<Enum.name()>
 BuboLoopMakers: 

=== End HumphreysDebugDataPhase ===
=== HumphreysDebugDataPhase ===
Compilation: 92-jdk.internal.util.ArraysSupport.unsignedHashCode(int, byte[], int, int)
Number of loops: 3

Block 0
  Successors:
    -> 1
    -> 21
  Predecessors:
  In loop: <none>
  Source positions in block:
    HotSpotMethod<ArraysSupport.unsignedHashCode(int, byte[], int, int)>
 BuboLoopMakers: 

Block 1
  Successors:
    -> 2
    -> 8
  Predecessors:
    <- 0
  In loop: <none>
  Source positions in block:
    HotSpotMethod<ArraysSupport.unsignedHashCode(int, byte[], int, int)>
 BuboLoopMakers: 

Block 2
  Successors:
    -> 3
    -> 6
  Predecessors:
    <- 1
  In loop: <none>
  Source positions in block:
    HotSpotMethod<ArraysSupport.unsignedHashCode(int, byte[], int, int)>
 BuboLoopMakers: 

Block 3
  Successors:
    -> 8
    -> 5
  Predecessors:
    <- 2
  In loop: <none>
  Source positions in block:
    HotSpotMethod<ArraysSupport.unsignedHashCode(int, byte[], int, int)>
 BuboLoopMakers: 

Block 4
  Successors:
    -> 8
  Predecessors:
    <- 3
  In loop: <none>
  Source positions in block:
    HotSpotMethod<ArraysSupport.unsignedHashCode(int, byte[], int, int)>
 BuboLoopMakers: 

Block 5
  Successors:
    -> 20
  Predecessors:
    <- 3
  In loop: <none>
  Source positions in block:
    HotSpotMethod<ArraysSupport.unsignedHashCode(int, byte[], int, int)>
 BuboLoopMakers: 

Block 6
  Successors:
    -> 20
  Predecessors:
    <- 2
  In loop: <none>
  Source positions in block:
    HotSpotMethod<ArraysSupport.unsignedHashCode(int, byte[], int, int)>
 BuboLoopMakers: 

Block 7
  Successors:
    -> 8
  Predecessors:
    <- 1
  In loop: <none>
  Source positions in block:
    HotSpotMethod<ArraysSupport.unsignedHashCode(int, byte[], int, int)>
 BuboLoopMakers: 

Block 8
  Successors:
    -> 9
    -> 19
  Predecessors:
    <- 1
    <- 3
  In loop: <none>
  Source positions in block:
    HotSpotMethod<ArraysSupport.unsignedHashCode(int, byte[], int, int)>
 BuboLoopMakers: 

Block 9
  Successors:
    -> 10
  Predecessors:
    <- 8
  In loop: <none>
  Source positions in block:
    HotSpotMethod<ArraysSupport.unsignedHashCode(int, byte[], int, int)>
 BuboLoopMakers: 

Block 10
  Successors:
    -> 11
    -> 12
  Predecessors:
    <- 9
    <- 11
  In loop: L0
  Source positions in block:
    HotSpotMethod<BuboAgentCompilerMarkers.Marker0()>
 BuboLoopMakers: 

Block 11
  Successors:
    -> 10
  Predecessors:
    <- 10
  In loop: L0
  Source positions in block:
    HotSpotMethod<BuboAgentCompilerMarkers.Marker0()>
 BuboLoopMakers: 

Block 12
  Successors:
    -> 13
  Predecessors:
    <- 10
  In loop: <none>
  Source positions in block:
    HotSpotMethod<ArraysSupport.unsignedHashCode(int, byte[], int, int)>
 BuboLoopMakers: 

Block 13
  Successors:
    -> 14
    -> 15
  Predecessors:
    <- 12
    <- 14
  In loop: L1
  Source positions in block:
    HotSpotMethod<BuboAgentCompilerMarkers.Marker1()>
 BuboLoopMakers: 

Block 14
  Successors:
    -> 13
  Predecessors:
    <- 13
  In loop: L1
  Source positions in block:
    HotSpotMethod<BuboAgentCompilerMarkers.Marker1()>
 BuboLoopMakers: 

Block 15
  Successors:
    -> 16
  Predecessors:
    <- 13
  In loop: <none>
  Source positions in block:
    HotSpotMethod<ArraysSupport.unsignedHashCode(int, byte[], int, int)>
 BuboLoopMakers: 

Block 16
  Successors:
    -> 17
    -> 18
  Predecessors:
    <- 15
    <- 17
  In loop: L2
  Source positions in block:
    HotSpotMethod<BuboAgentCompilerMarkers.Marker2()>
 BuboLoopMakers: 

Block 17
  Successors:
    -> 16
  Predecessors:
    <- 16
  In loop: L2
  Source positions in block:
    HotSpotMethod<BuboAgentCompilerMarkers.Marker2()>
 BuboLoopMakers: 

Block 18
  Successors:
    -> 22
  Predecessors:
    <- 16
  In loop: <none>
  Source positions in block:
    HotSpotMethod<ArraysSupport.unsignedHashCode(int, byte[], int, int)>
 BuboLoopMakers: 

Block 19
  Successors:
    -> 20
  Predecessors:
    <- 8
  In loop: <none>
  Source positions in block:
    HotSpotMethod<ArraysSupport.unsignedHashCode(int, byte[], int, int)>
 BuboLoopMakers: 

Block 20
  Successors:
  Predecessors:
    <- 6
    <- 19
    <- 5
  In loop: <none>
  Source positions in block:
    HotSpotMethod<ArraysSupport.unsignedHashCode(int, byte[], int, int)>
 BuboLoopMakers: 

Block 21
  Successors:
    -> 22
  Predecessors:
    <- 0
  In loop: <none>
  Source positions in block:
    HotSpotMethod<ArraysSupport.unsignedHashCode(int, byte[], int, int)>
 BuboLoopMakers: 

Block 22
  Successors:
  Predecessors:
    <- 18
    <- 21
  In loop: <none>
  Source positions in block:
    HotSpotMethod<ArraysSupport.unsignedHashCode(int, byte[], int, int)>
 BuboLoopMakers: 

=== End HumphreysDebugDataPhase ===
jdk.internal.util.ArraysSupport.unsignedHashCode(int, byte[], int, int)int -1 codeSignature differs 1c46baa272d76a4aa500f894b1a1756663e45d86c10202617c3b09cb83f6cd76 != 4dd8a0d23b54449c010a38548a4ec34726658ad72759db6c8d42ad0645f343a2
jdk.internal.util.ArraysSupport.unsignedHashCode(int, byte[], int, int)int -1 graphSignature differs 19b74d2985bd215adc18bbf16eb571f75605eb5502bcec63b71bd357cc668d6e != ec48f9da76be66a6b56b9242fa5c79b96c5a2b790a5832893550f14895067602
=== HumphreysDebugDataPhase ===
Compilation: 94-sun.util.locale.BaseLocale.getLanguage()
Number of loops: 0

Block 0
  Successors:
  Predecessors:
  In loop: <none>
  Source positions in block:
    HotSpotMethod<BaseLocale.getLanguage()>
 BuboLoopMakers: 

=== End HumphreysDebugDataPhase ===
=== HumphreysDebugDataPhase ===
Compilation: 95-java.util.LinkedHashMap.removeEldestEntry(Map$Entry)
Number of loops: 0

Block 0
  Successors:
  Predecessors:
  In loop: <none>
  Source positions in block:
    HotSpotMethod<LinkedHashMap.removeEldestEntry(Map$Entry)>
 BuboLoopMakers: 

=== End HumphreysDebugDataPhase ===
=== HumphreysDebugDataPhase ===
Compilation: 96-java.util.concurrent.ConcurrentHashMap.tabAt(ConcurrentHashMap$Node[], int)
Number of loops: 0

Block 0
  Successors:
  Predecessors:
  In loop: <none>
  Source positions in block:
    HotSpotMethod<ConcurrentHashMap.tabAt(ConcurrentHashMap$Node[], int)>
    HotSpotMethod<Unsafe.getReferenceAcquire(Object, long)>
 BuboLoopMakers: 

=== End HumphreysDebugDataPhase ===
=== HumphreysDebugDataPhase ===
Compilation: 97-jdk.internal.misc.Unsafe.getReferenceAcquire(Object, long)
Number of loops: 0

Block 0
  Successors:
  Predecessors:
  In loop: <none>
  Source positions in block:
    HotSpotMethod<Unsafe.getReferenceVolatile(Object, long)>
    HotSpotMethod<Unsafe.getReferenceAcquire(Object, long)>
 BuboLoopMakers: 

=== End HumphreysDebugDataPhase ===
=== HumphreysDebugDataPhase ===
Compilation: 98-java.lang.String.coder()
Number of loops: 0

Block 0
  Successors:
  Predecessors:
  In loop: <none>
  Source positions in block:
    HotSpotMethod<String.coder()>
 BuboLoopMakers: 

=== End HumphreysDebugDataPhase ===
=== HumphreysDebugDataPhase ===
Compilation: 100-java.security.Provider$Service.getType()
Number of loops: 0

Block 0
  Successors:
  Predecessors:
  In loop: <none>
  Source positions in block:
    HotSpotMethod<Provider$Service.getType()>
 BuboLoopMakers: 

=== End HumphreysDebugDataPhase ===
=== HumphreysDebugDataPhase ===
Compilation: 101-java.security.Provider$Service.getAlgorithm()
Number of loops: 0

Block 0
  Successors:
  Predecessors:
  In loop: <none>
  Source positions in block:
    HotSpotMethod<Provider$Service.getAlgorithm()>
 BuboLoopMakers: 

=== End HumphreysDebugDataPhase ===
=== HumphreysDebugDataPhase ===
Compilation: 102-java.security.Provider$Service.getAliases()
Number of loops: 0

Block 0
  Successors:
  Predecessors:
  In loop: <none>
  Source positions in block:
    HotSpotMethod<Provider$Service.getAliases()>
 BuboLoopMakers: 

=== End HumphreysDebugDataPhase ===
=== HumphreysDebugDataPhase ===
Compilation: 107-jdk.internal.classfile.impl.RawBytecodeHelper.bci()
Number of loops: 0

Block 0
  Successors:
  Predecessors:
  In loop: <none>
  Source positions in block:
    HotSpotMethod<RawBytecodeHelper.bci()>
 BuboLoopMakers: 

=== End HumphreysDebugDataPhase ===
=== HumphreysDebugDataPhase ===
Compilation: 108-jdk.internal.classfile.impl.AbstractPoolEntry.constantPool()
Number of loops: 0

Block 0
  Successors:
  Predecessors:
  In loop: <none>
  Source positions in block:
    HotSpotMethod<AbstractPoolEntry.constantPool()>
 BuboLoopMakers: 

=== End HumphreysDebugDataPhase ===
=== HumphreysDebugDataPhase ===
Compilation: 109-java.lang.StringLatin1.equals(byte[], byte[])
Number of loops: 1

Block 0
  Successors:
    -> 1
    -> 15
  Predecessors:
  In loop: <none>
  Source positions in block:
    HotSpotMethod<StringLatin1.equals(byte[], byte[])>
 BuboLoopMakers: 

Block 1
  Successors:
    -> 7
    -> 3
  Predecessors:
    <- 0
  In loop: <none>
  Source positions in block:
    HotSpotMethod<StringLatin1.equals(byte[], byte[])>
 BuboLoopMakers: 

Block 2
  Successors:
    -> 7
  Predecessors:
    <- 1
  In loop: <none>
  Source positions in block:
    HotSpotMethod<StringLatin1.equals(byte[], byte[])>
 BuboLoopMakers: 

Block 3
  Successors:
    -> 4
    -> 14
  Predecessors:
    <- 1
  In loop: <none>
  Source positions in block:
    HotSpotMethod<StringLatin1.equals(byte[], byte[])>
 BuboLoopMakers: 

Block 4
  Successors:
    -> 14
    -> 7
  Predecessors:
    <- 3
  In loop: <none>
  Source positions in block:
    HotSpotMethod<StringLatin1.equals(byte[], byte[])>
 BuboLoopMakers: 

Block 5
  Successors:
    -> 14
  Predecessors:
    <- 4
  In loop: <none>
  Source positions in block:
    HotSpotMethod<StringLatin1.equals(byte[], byte[])>
 BuboLoopMakers: 

Block 6
  Successors:
    -> 7
  Predecessors:
    <- 4
  In loop: <none>
  Source positions in block:
    HotSpotMethod<StringLatin1.equals(byte[], byte[])>
 BuboLoopMakers: 

Block 7
  Successors:
    -> 8
  Predecessors:
    <- 1
    <- 4
  In loop: <none>
  Source positions in block:
    HotSpotMethod<StringLatin1.equals(byte[], byte[])>
 BuboLoopMakers: 

Block 8
  Successors:
    -> 9
    -> 12
  Predecessors:
    <- 7
    <- 10
  In loop: L0
  Source positions in block:
    HotSpotMethod<BuboAgentCompilerMarkers.Marker0()>
 BuboLoopMakers: 

Block 9
  Successors:
    -> 10
    -> 11
  Predecessors:
    <- 8
  In loop: L0
  Source positions in block:
    HotSpotMethod<BuboAgentCompilerMarkers.Marker0()>
 BuboLoopMakers: 

Block 10
  Successors:
    -> 8
  Predecessors:
    <- 9
  In loop: L0
  Source positions in block:
    HotSpotMethod<BuboAgentCompilerMarkers.Marker0()>
 BuboLoopMakers: 

Block 11
  Successors:
  Predecessors:
    <- 9
  In loop: <none>
  Source positions in block:
    HotSpotMethod<StringLatin1.equals(byte[], byte[])>
 BuboLoopMakers: 

Block 12
  Successors:
  Predecessors:
    <- 8
  In loop: <none>
  Source positions in block:
    HotSpotMethod<StringLatin1.equals(byte[], byte[])>
 BuboLoopMakers: 

Block 13
  Successors:
    -> 14
  Predecessors:
    <- 3
  In loop: <none>
  Source positions in block:
    HotSpotMethod<StringLatin1.equals(byte[], byte[])>
 BuboLoopMakers: 

Block 14
  Successors:
  Predecessors:
    <- 3
    <- 4
  In loop: <none>
  Source positions in block:
    HotSpotMethod<StringLatin1.equals(byte[], byte[])>
 BuboLoopMakers: 

Block 15
  Successors:
  Predecessors:
    <- 0
  In loop: <none>
  Source positions in block:
    HotSpotMethod<StringLatin1.equals(byte[], byte[])>
 BuboLoopMakers: 

=== End HumphreysDebugDataPhase ===
java.lang.StringLatin1.equals(byte[], byte[])boolean -1 graphSignature differs f47d0b1647dabd6f0108a1c873e12c6a64939992dcc9e97f79a9e6e1f1af8649 != cda1bda6b067c21da86f5c9b00220a168b94ff95811df6ee0a57435eb4ec0473
=== HumphreysDebugDataPhase ===
Compilation: 112-jdk.internal.util.WeakReferenceKey.hashCode()
Number of loops: 0

Block 0
  Successors:
  Predecessors:
  In loop: <none>
  Source positions in block:
    HotSpotMethod<WeakReferenceKey.hashCode()>
 BuboLoopMakers: 

=== End HumphreysDebugDataPhase ===
WARNING: A restricted method in java.lang.System has been called
WARNING: java.lang.System::load has been called by Tsc in an unnamed module (file:/home/hb478/repos/are-we-fast-yet/benchmarks/Java/benchmarks.jar)
WARNING: Use --enable-native-access=ALL-UNNAMED to avoid a warning for callers in this module
WARNING: Restricted methods will be blocked in a future release unless native access is enabled

=== HumphreysDebugDataPhase ===
Compilation: 114-java.lang.String.isLatin1()
Number of loops: 0

Block 0
  Successors:
    -> 1
    -> 2
  Predecessors:
  In loop: <none>
  Source positions in block:
    HotSpotMethod<String.isLatin1()>
 BuboLoopMakers: 

Block 1
  Successors:
  Predecessors:
    <- 0
  In loop: <none>
  Source positions in block:
    HotSpotMethod<String.isLatin1()>
 BuboLoopMakers: 

Block 2
  Successors:
  Predecessors:
    <- 0
  In loop: <none>
  Source positions in block:
    HotSpotMethod<String.isLatin1()>
 BuboLoopMakers: 

=== End HumphreysDebugDataPhase ===
=== HumphreysDebugDataPhase ===
Compilation: 115-java.lang.String.value()
Number of loops: 0

Block 0
  Successors:
  Predecessors:
  In loop: <none>
  Source positions in block:
    HotSpotMethod<String.value()>
 BuboLoopMakers: 

=== End HumphreysDebugDataPhase ===
Starting Mandelbrot benchmark ...
=== HumphreysDebugDataPhase ===
Compilation: 120-Mandelbrot.mandelbrot(int)
Number of loops: 6

Block 0
  Successors:
    -> 1
    -> 2
  Predecessors:
  In loop: <none>
  Source positions in block:
    HotSpotMethod<Mandelbrot.mandelbrot(int)>
 BuboLoopMakers: 

Block 1
  Successors:
    -> 22
  Predecessors:
    <- 0
  In loop: <none>
  Source positions in block:
    HotSpotMethod<Mandelbrot.mandelbrot(int)>
 BuboLoopMakers: 

Block 2
  Successors:
    -> 3
    -> 21
  Predecessors:
    <- 0
  In loop: <none>
  Source positions in block:
    HotSpotMethod<Mandelbrot.mandelbrot(int)>
 BuboLoopMakers: 

Block 3
  Successors:
    -> 4
    -> 6
  Predecessors:
    <- 2
  In loop: <none>
  Source positions in block:
    HotSpotMethod<Mandelbrot.mandelbrot(int)>
 BuboLoopMakers: 

Block 4
  Successors:
    -> 6
  Predecessors:
    <- 3
  In loop: <none>
  Source positions in block:
    HotSpotMethod<Mandelbrot.mandelbrot(int)>
 BuboLoopMakers: 

Block 5
  Successors:
    -> 6
  Predecessors:
    <- 3
  In loop: <none>
  Source positions in block:
    HotSpotMethod<Mandelbrot.mandelbrot(int)>
 BuboLoopMakers: 

Block 6
  Successors:
    -> 7
    -> 8
  Predecessors:
    <- 3
    <- 4
  In loop: <none>
  Source positions in block:
    HotSpotMethod<Mandelbrot.mandelbrot(int)>
 BuboLoopMakers: 

Block 7
  Successors:
    -> 22
  Predecessors:
    <- 6
  In loop: <none>
  Source positions in block:
    HotSpotMethod<Mandelbrot.mandelbrot(int)>
 BuboLoopMakers: 

Block 8
  Successors:
    -> 9
    -> 20
  Predecessors:
    <- 6
  In loop: <none>
  Source positions in block:
    HotSpotMethod<Mandelbrot.mandelbrot(int)>
 BuboLoopMakers: 

Block 9
  Successors:
    -> 10
    -> 12
  Predecessors:
    <- 8
  In loop: <none>
  Source positions in block:
    HotSpotMethod<Mandelbrot.mandelbrot(int)>
 BuboLoopMakers: 

Block 10
  Successors:
    -> 12
  Predecessors:
    <- 9
  In loop: <none>
  Source positions in block:
    HotSpotMethod<Mandelbrot.mandelbrot(int)>
 BuboLoopMakers: 

Block 11
  Successors:
    -> 12
  Predecessors:
    <- 9
  In loop: <none>
  Source positions in block:
    HotSpotMethod<Mandelbrot.mandelbrot(int)>
 BuboLoopMakers: 

Block 12
  Successors:
    -> 13
  Predecessors:
    <- 9
    <- 10
  In loop: <none>
  Source positions in block:
    HotSpotMethod<Mandelbrot.mandelbrot(int)>
 BuboLoopMakers: 

Block 13
  Successors:
    -> 19
    -> 14
  Predecessors:
    <- 12
    <- 17
    <- 16
  In loop: L5
  Source positions in block:
    HotSpotMethod<BuboAgentCompilerMarkers.Marker5()>
 BuboLoopMakers: 

Block 14
  Successors:
    -> 15
    -> 18
  Predecessors:
    <- 13
  In loop: L5
  Source positions in block:
    HotSpotMethod<BuboAgentCompilerMarkers.Marker5()>
 BuboLoopMakers: 

Block 15
  Successors:
    -> 16
    -> 17
  Predecessors:
    <- 14
  In loop: L5
  Source positions in block:
    HotSpotMethod<BuboAgentCompilerMarkers.Marker5()>
 BuboLoopMakers: 

Block 16
  Successors:
    -> 13
  Predecessors:
    <- 15
  In loop: L5
  Source positions in block:
    HotSpotMethod<BuboAgentCompilerMarkers.Marker5()>
 BuboLoopMakers: 

Block 17
  Successors:
    -> 13
  Predecessors:
    <- 15
  In loop: L5
  Source positions in block:
    HotSpotMethod<BuboAgentCompilerMarkers.Marker5()>
 BuboLoopMakers: 

Block 18
  Successors:
    -> 22
  Predecessors:
    <- 14
  In loop: <none>
  Source positions in block:
    HotSpotMethod<Mandelbrot.mandelbrot(int)>
 BuboLoopMakers: 

Block 19
  Successors:
    -> 22
  Predecessors:
    <- 13
  In loop: <none>
  Source positions in block:
    HotSpotMethod<Mandelbrot.mandelbrot(int)>
 BuboLoopMakers: 

Block 20
  Successors:
    -> 22
  Predecessors:
    <- 8
  In loop: <none>
  Source positions in block:
    HotSpotMethod<Mandelbrot.mandelbrot(int)>
 BuboLoopMakers: 

Block 21
  Successors:
    -> 22
  Predecessors:
    <- 2
  In loop: <none>
  Source positions in block:
    HotSpotMethod<Mandelbrot.mandelbrot(int)>
 BuboLoopMakers: 

Block 22
  Successors:
    -> 23
    -> 24
  Predecessors:
    <- 19
    <- 18
    <- 21
    <- 1
    <- 20
    <- 7
  In loop: <none>
  Source positions in block:
    HotSpotMethod<Mandelbrot.mandelbrot(int)>
 BuboLoopMakers: 

Block 23
  Successors:
    -> 27
  Predecessors:
    <- 22
  In loop: <none>
  Source positions in block:
    HotSpotMethod<Mandelbrot.mandelbrot(int)>
 BuboLoopMakers: 

Block 24
  Successors:
    -> 25
    -> 26
  Predecessors:
    <- 22
  In loop: <none>
  Source positions in block:
    HotSpotMethod<Mandelbrot.mandelbrot(int)>
 BuboLoopMakers: 

Block 25
  Successors:
    -> 27
  Predecessors:
    <- 24
  In loop: <none>
  Source positions in block:
    HotSpotMethod<Mandelbrot.mandelbrot(int)>
 BuboLoopMakers: 

Block 26
  Successors:
    -> 27
  Predecessors:
    <- 24
  In loop: <none>
  Source positions in block:
    HotSpotMethod<Mandelbrot.mandelbrot(int)>
 BuboLoopMakers: 

Block 27
  Successors:
    -> 28
  Predecessors:
    <- 23
    <- 26
    <- 25
  In loop: <none>
  Source positions in block:
    HotSpotMethod<Mandelbrot.mandelbrot(int)>
 BuboLoopMakers: 

Block 28
  Successors:
    -> 29
    -> 45
  Predecessors:
    <- 27
    <- 41
    <- 43
    <- 44
  In loop: L3
  Source positions in block:
    HotSpotMethod<BuboAgentCompilerMarkers.Marker3()>
 BuboLoopMakers: 

Block 29
  Successors:
    -> 30
    -> 31
  Predecessors:
    <- 28
  In loop: L3
  Source positions in block:
    HotSpotMethod<BuboAgentCompilerMarkers.Marker3()>
 BuboLoopMakers: 

Block 30
  Successors:
    -> 32
  Predecessors:
    <- 29
  In loop: L3
  Source positions in block:
    HotSpotMethod<BuboAgentCompilerMarkers.Marker3()>
 BuboLoopMakers: 

Block 31
  Successors:
    -> 32
  Predecessors:
    <- 29
  In loop: L3
  Source positions in block:
    HotSpotMethod<BuboAgentCompilerMarkers.Marker3()>
 BuboLoopMakers: 

Block 32
  Successors:
    -> 33
  Predecessors:
    <- 31
    <- 30
  In loop: L3
  Source positions in block:
    HotSpotMethod<BuboAgentCompilerMarkers.Marker3()>
 BuboLoopMakers: 

Block 33
  Successors:
    -> 38
    -> 34
  Predecessors:
    <- 32
    <- 37
    <- 36
  In loop: L4
  Source positions in block:
    HotSpotMethod<BuboAgentCompilerMarkers.Marker4()>
 BuboLoopMakers: 

Block 34
  Successors:
    -> 35
    -> 39
  Predecessors:
    <- 33
  In loop: L4
  Source positions in block:
    HotSpotMethod<BuboAgentCompilerMarkers.Marker4()>
 BuboLoopMakers: 

Block 35
  Successors:
    -> 36
    -> 37
  Predecessors:
    <- 34
  In loop: L4
  Source positions in block:
    HotSpotMethod<BuboAgentCompilerMarkers.Marker4()>
 BuboLoopMakers: 

Block 36
  Successors:
    -> 33
  Predecessors:
    <- 35
  In loop: L4
  Source positions in block:
    HotSpotMethod<BuboAgentCompilerMarkers.Marker4()>
 BuboLoopMakers: 

Block 37
  Successors:
    -> 33
  Predecessors:
    <- 35
  In loop: L4
  Source positions in block:
    HotSpotMethod<BuboAgentCompilerMarkers.Marker4()>
 BuboLoopMakers: 

Block 38
  Successors:
    -> 40
  Predecessors:
    <- 33
  In loop: L3
  Source positions in block:
    HotSpotMethod<BuboAgentCompilerMarkers.Marker3()>
 BuboLoopMakers: 

Block 39
  Successors:
    -> 40
  Predecessors:
    <- 34
  In loop: L3
  Source positions in block:
    HotSpotMethod<BuboAgentCompilerMarkers.Marker3()>
 BuboLoopMakers: 

Block 40
  Successors:
    -> 41
    -> 42
  Predecessors:
    <- 38
    <- 39
  In loop: L3
  Source positions in block:
    HotSpotMethod<BuboAgentCompilerMarkers.Marker3()>
 BuboLoopMakers: 

Block 41
  Successors:
    -> 28
  Predecessors:
    <- 40
  In loop: L3
  Source positions in block:
    HotSpotMethod<BuboAgentCompilerMarkers.Marker3()>
 BuboLoopMakers: 

Block 42
  Successors:
    -> 43
    -> 44
  Predecessors:
    <- 40
  In loop: L3
  Source positions in block:
    HotSpotMethod<BuboAgentCompilerMarkers.Marker3()>
 BuboLoopMakers: 

Block 43
  Successors:
    -> 28
  Predecessors:
    <- 42
  In loop: L3
  Source positions in block:
    HotSpotMethod<BuboAgentCompilerMarkers.Marker3()>
 BuboLoopMakers: 

Block 44
  Successors:
    -> 28
  Predecessors:
    <- 42
  In loop: L3
  Source positions in block:
    HotSpotMethod<BuboAgentCompilerMarkers.Marker3()>
 BuboLoopMakers: 

Block 45
  Successors:
    -> 46
  Predecessors:
    <- 28
  In loop: <none>
  Source positions in block:
    HotSpotMethod<Mandelbrot.mandelbrot(int)>
 BuboLoopMakers: 

Block 46
  Successors:
    -> 47
    -> 66
  Predecessors:
    <- 45
    <- 65
  In loop: L0
  Source positions in block:
    HotSpotMethod<BuboAgentCompilerMarkers.Marker0()>
 BuboLoopMakers: 

Block 47
  Successors:
    -> 48
  Predecessors:
    <- 46
  In loop: L0
  Source positions in block:
    HotSpotMethod<BuboAgentCompilerMarkers.Marker0()>
 BuboLoopMakers: 

Block 48
  Successors:
    -> 49
    -> 65
  Predecessors:
    <- 47
    <- 61
    <- 63
    <- 64
  In loop: L1
  Source positions in block:
    HotSpotMethod<BuboAgentCompilerMarkers.Marker1()>
 BuboLoopMakers: 

Block 49
  Successors:
    -> 50
    -> 51
  Predecessors:
    <- 48
  In loop: L1
  Source positions in block:
    HotSpotMethod<BuboAgentCompilerMarkers.Marker1()>
 BuboLoopMakers: 

Block 50
  Successors:
    -> 52
  Predecessors:
    <- 49
  In loop: L1
  Source positions in block:
    HotSpotMethod<BuboAgentCompilerMarkers.Marker1()>
 BuboLoopMakers: 

Block 51
  Successors:
    -> 52
  Predecessors:
    <- 49
  In loop: L1
  Source positions in block:
    HotSpotMethod<BuboAgentCompilerMarkers.Marker1()>
 BuboLoopMakers: 

Block 52
  Successors:
    -> 53
  Predecessors:
    <- 51
    <- 50
  In loop: L1
  Source positions in block:
    HotSpotMethod<BuboAgentCompilerMarkers.Marker1()>
 BuboLoopMakers: 

Block 53
  Successors:
    -> 58
    -> 54
  Predecessors:
    <- 52
    <- 57
    <- 56
  In loop: L2
  Source positions in block:
    HotSpotMethod<BuboAgentCompilerMarkers.Marker2()>
 BuboLoopMakers: 

Block 54
  Successors:
    -> 55
    -> 59
  Predecessors:
    <- 53
  In loop: L2
  Source positions in block:
    HotSpotMethod<BuboAgentCompilerMarkers.Marker2()>
 BuboLoopMakers: 

Block 55
  Successors:
    -> 56
    -> 57
  Predecessors:
    <- 54
  In loop: L2
  Source positions in block:
    HotSpotMethod<BuboAgentCompilerMarkers.Marker2()>
 BuboLoopMakers: 

Block 56
  Successors:
    -> 53
  Predecessors:
    <- 55
  In loop: L2
  Source positions in block:
    HotSpotMethod<BuboAgentCompilerMarkers.Marker2()>
 BuboLoopMakers: 

Block 57
  Successors:
    -> 53
  Predecessors:
    <- 55
  In loop: L2
  Source positions in block:
    HotSpotMethod<BuboAgentCompilerMarkers.Marker2()>
 BuboLoopMakers: 

Block 58
  Successors:
    -> 60
  Predecessors:
    <- 53
  In loop: L1
  Source positions in block:
    HotSpotMethod<BuboAgentCompilerMarkers.Marker1()>
 BuboLoopMakers: 

Block 59
  Successors:
    -> 60
  Predecessors:
    <- 54
  In loop: L1
  Source positions in block:
    HotSpotMethod<BuboAgentCompilerMarkers.Marker1()>
 BuboLoopMakers: 

Block 60
  Successors:
    -> 61
    -> 62
  Predecessors:
    <- 58
    <- 59
  In loop: L1
  Source positions in block:
    HotSpotMethod<BuboAgentCompilerMarkers.Marker1()>
 BuboLoopMakers: 

Block 61
  Successors:
    -> 48
  Predecessors:
    <- 60
  In loop: L1
  Source positions in block:
    HotSpotMethod<BuboAgentCompilerMarkers.Marker1()>
 BuboLoopMakers: 

Block 62
  Successors:
    -> 63
    -> 64
  Predecessors:
    <- 60
  In loop: L1
  Source positions in block:
    HotSpotMethod<BuboAgentCompilerMarkers.Marker1()>
 BuboLoopMakers: 

Block 63
  Successors:
    -> 48
  Predecessors:
    <- 62
  In loop: L1
  Source positions in block:
    HotSpotMethod<BuboAgentCompilerMarkers.Marker1()>
 BuboLoopMakers: 

Block 64
  Successors:
    -> 48
  Predecessors:
    <- 62
  In loop: L1
  Source positions in block:
    HotSpotMethod<BuboAgentCompilerMarkers.Marker1()>
 BuboLoopMakers: 

Block 65
  Successors:
    -> 46
  Predecessors:
    <- 48
  In loop: L0
  Source positions in block:
    HotSpotMethod<BuboAgentCompilerMarkers.Marker0()>
 BuboLoopMakers: 

Block 66
  Successors:
  Predecessors:
    <- 46
  In loop: <none>
  Source positions in block:
    HotSpotMethod<Mandelbrot.mandelbrot(int)>
 BuboLoopMakers: 

=== End HumphreysDebugDataPhase ===
=== HumphreysDebugDataPhase ===
Compilation: 121-Mandelbrot.mandelbrot(int)
Number of loops: 3

Block 0
  Successors:
    -> 1
  Predecessors:
  In loop: <none>
  Source positions in block:
    HotSpotMethod<Mandelbrot.mandelbrot(int)>
 BuboLoopMakers: 

Block 1
  Successors:
    -> 2
    -> 21
  Predecessors:
    <- 0
    <- 20
  In loop: L0
  Source positions in block:
    HotSpotMethod<BuboAgentCompilerMarkers.Marker0()>
 BuboLoopMakers: 

Block 2
  Successors:
    -> 3
  Predecessors:
    <- 1
  In loop: L0
  Source positions in block:
    HotSpotMethod<BuboAgentCompilerMarkers.Marker0()>
 BuboLoopMakers: 

Block 3
  Successors:
    -> 4
    -> 20
  Predecessors:
    <- 2
    <- 16
    <- 18
    <- 19
  In loop: L1
  Source positions in block:
    HotSpotMethod<BuboAgentCompilerMarkers.Marker1()>
 BuboLoopMakers: 

Block 4
  Successors:
    -> 5
    -> 6
  Predecessors:
    <- 3
  In loop: L1
  Source positions in block:
    HotSpotMethod<BuboAgentCompilerMarkers.Marker1()>
 BuboLoopMakers: 

Block 5
  Successors:
    -> 7
  Predecessors:
    <- 4
  In loop: L1
  Source positions in block:
    HotSpotMethod<BuboAgentCompilerMarkers.Marker1()>
 BuboLoopMakers: 

Block 6
  Successors:
    -> 7
  Predecessors:
    <- 4
  In loop: L1
  Source positions in block:
    HotSpotMethod<BuboAgentCompilerMarkers.Marker1()>
 BuboLoopMakers: 

Block 7
  Successors:
    -> 8
  Predecessors:
    <- 6
    <- 5
  In loop: L1
  Source positions in block:
    HotSpotMethod<BuboAgentCompilerMarkers.Marker1()>
 BuboLoopMakers: 

Block 8
  Successors:
    -> 14
    -> 9
  Predecessors:
    <- 7
    <- 10
    <- 11
  In loop: L2
  Source positions in block:
    HotSpotMethod<BuboAgentCompilerMarkers.Marker2()>
 BuboLoopMakers: 

Block 9
  Successors:
    -> 10
    -> 13
  Predecessors:
    <- 8
  In loop: L2
  Source positions in block:
    HotSpotMethod<BuboAgentCompilerMarkers.Marker2()>
 BuboLoopMakers: 

Block 10
  Successors:
    -> 11
    -> 8
  Predecessors:
    <- 9
  In loop: L2
  Source positions in block:
    HotSpotMethod<BuboAgentCompilerMarkers.Marker2()>
 BuboLoopMakers: 

Block 11
  Successors:
    -> 8
  Predecessors:
    <- 10
  In loop: L2
  Source positions in block:
    HotSpotMethod<BuboAgentCompilerMarkers.Marker2()>
 BuboLoopMakers: 

Block 12
  Successors:
    -> 8
  Predecessors:
    <- 10
  In loop: L2
  Source positions in block:
    HotSpotMethod<Mandelbrot.mandelbrot(int)>
 BuboLoopMakers: 

Block 13
  Successors:
    -> 15
  Predecessors:
    <- 9
  In loop: L1
  Source positions in block:
    HotSpotMethod<BuboAgentCompilerMarkers.Marker1()>
 BuboLoopMakers: 

Block 14
  Successors:
    -> 15
  Predecessors:
    <- 8
  In loop: L1
  Source positions in block:
    HotSpotMethod<BuboAgentCompilerMarkers.Marker1()>
 BuboLoopMakers: 

Block 15
  Successors:
    -> 16
    -> 17
  Predecessors:
    <- 14
    <- 13
  In loop: L1
  Source positions in block:
    HotSpotMethod<BuboAgentCompilerMarkers.Marker1()>
 BuboLoopMakers: 

Block 16
  Successors:
    -> 3
  Predecessors:
    <- 15
  In loop: L1
  Source positions in block:
    HotSpotMethod<BuboAgentCompilerMarkers.Marker1()>
 BuboLoopMakers: 

Block 17
  Successors:
    -> 18
    -> 19
  Predecessors:
    <- 15
  In loop: L1
  Source positions in block:
    HotSpotMethod<BuboAgentCompilerMarkers.Marker1()>
 BuboLoopMakers: 

Block 18
  Successors:
    -> 3
  Predecessors:
    <- 17
  In loop: L1
  Source positions in block:
    HotSpotMethod<BuboAgentCompilerMarkers.Marker1()>
 BuboLoopMakers: 

Block 19
  Successors:
    -> 3
  Predecessors:
    <- 17
  In loop: L1
  Source positions in block:
    HotSpotMethod<BuboAgentCompilerMarkers.Marker1()>
 BuboLoopMakers: 

Block 20
  Successors:
    -> 1
  Predecessors:
    <- 3
  In loop: L0
  Source positions in block:
    HotSpotMethod<BuboAgentCompilerMarkers.Marker0()>
 BuboLoopMakers: 

Block 21
  Successors:
  Predecessors:
    <- 1
  In loop: <none>
  Source positions in block:
    HotSpotMethod<Mandelbrot.mandelbrot(int)>
 BuboLoopMakers: 

=== End HumphreysDebugDataPhase ===
Mandelbrot.mandelbrot(int)int -1 codeSignature differs 3f6750758ce35488e9d3fa0d33b600ab0c0018af2cce79dba0f7f9344bdc3b7a != 7017040bae67abdb9360ae2c0459a5f7444b546e7bbddb3c2343a514eb62cf8e
Mandelbrot.mandelbrot(int)int -1 graphSignature differs 785ef6dcc05bfa1a35c56c269f228db0690cf5443ec5e8228f574410d609c860 != d08a2498a581a633df78f829c672fc52b57422a8f016a5434601de1179763422
=== HumphreysDebugDataPhase ===
Compilation: 122-jdk.internal.constant.ClassOrInterfaceDescImpl.descriptorString()
Number of loops: 0

Block 0
  Successors:
  Predecessors:
  In loop: <none>
  Source positions in block:
    HotSpotMethod<ClassOrInterfaceDescImpl.descriptorString()>
 BuboLoopMakers: 

=== End HumphreysDebugDataPhase ===
=== HumphreysDebugDataPhase ===
Compilation: 126-jdk.internal.classfile.impl.BufWriterImpl.size()
Number of loops: 0

Block 0
  Successors:
  Predecessors:
  In loop: <none>
  Source positions in block:
    HotSpotMethod<BufWriterImpl.size()>
 BuboLoopMakers: 

=== End HumphreysDebugDataPhase ===
=== HumphreysDebugDataPhase ===
Compilation: 129-java.lang.invoke.MethodTypeForm.erasedType()
Number of loops: 0

Block 0
  Successors:
  Predecessors:
  In loop: <none>
  Source positions in block:
    HotSpotMethod<MethodTypeForm.erasedType()>
 BuboLoopMakers: 

=== End HumphreysDebugDataPhase ===
=== HumphreysDebugDataPhase ===
Compilation: 130-jdk.internal.classfile.impl.AbstractDirectBuilder.constantPool()
Number of loops: 0

Block 0
  Successors:
  Predecessors:
  In loop: <none>
  Source positions in block:
    HotSpotMethod<AbstractDirectBuilder.constantPool()>
 BuboLoopMakers: 

=== End HumphreysDebugDataPhase ===
=== HumphreysDebugDataPhase ===
Compilation: 131-java.lang.invoke.MethodHandle.type()
Number of loops: 0

Block 0
  Successors:
  Predecessors:
  In loop: <none>
  Source positions in block:
    HotSpotMethod<MethodHandle.type()>
 BuboLoopMakers: 

=== End HumphreysDebugDataPhase ===
=== HumphreysDebugDataPhase ===
Compilation: 133-java.util.ArrayList.size()
Number of loops: 0

Block 0
  Successors:
  Predecessors:
  In loop: <none>
  Source positions in block:
    HotSpotMethod<ArrayList.size()>
 BuboLoopMakers: 

=== End HumphreysDebugDataPhase ===
Mandelbrot: iterations=1 runtime: 151573us
Mandelbrot: iterations=2 runtime: 129494us
Mandelbrot: iterations=3 runtime: 129357us
=== HumphreysDebugDataPhase ===
Compilation: 134-java.lang.String.length()
Number of loops: 0

Block 0
  Successors:
  Predecessors:
  In loop: <none>
  Source positions in block:
    HotSpotMethod<String.length()>
    HotSpotMethod<String.coder()>
 BuboLoopMakers: 

=== End HumphreysDebugDataPhase ===
Mandelbrot: iterations=4 runtime: 129321us
Mandelbrot: iterations=5 runtime: 135960us
Mandelbrot: iterations=6 runtime: 129494us
Mandelbrot: iterations=7 runtime: 129965us
=== HumphreysDebugDataPhase ===
Compilation: 135-java.nio.Buffer.position()
Number of loops: 0

Block 0
  Successors:
  Predecessors:
  In loop: <none>
  Source positions in block:
    HotSpotMethod<Buffer.position()>
 BuboLoopMakers: 

=== End HumphreysDebugDataPhase ===
Mandelbrot: iterations=8 runtime: 129356us
Mandelbrot: iterations=9 runtime: 136460us
Mandelbrot: iterations=10 runtime: 129357us
Mandelbrot: iterations=11 runtime: 129615us
Mandelbrot: iterations=12 runtime: 129387us
Mandelbrot: iterations=13 runtime: 129349us
Mandelbrot: iterations=14 runtime: 129328us
Mandelbrot: iterations=15 runtime: 129397us
Mandelbrot: iterations=16 runtime: 129418us
Mandelbrot: iterations=17 runtime: 130860us
Mandelbrot: iterations=18 runtime: 129590us
Mandelbrot: iterations=19 runtime: 129435us
Mandelbrot: iterations=20 runtime: 129545us
Mandelbrot: iterations=21 runtime: 130011us
Mandelbrot: iterations=22 runtime: 130391us
Mandelbrot: iterations=23 runtime: 129604us
Mandelbrot: iterations=24 runtime: 129463us
Mandelbrot: iterations=25 runtime: 129547us
Mandelbrot: iterations=26 runtime: 129442us
Mandelbrot: iterations=27 runtime: 129446us
Mandelbrot: iterations=28 runtime: 129449us
Mandelbrot: iterations=29 runtime: 130201us
Mandelbrot: iterations=30 runtime: 129546us
Mandelbrot: iterations=31 runtime: 129540us
Mandelbrot: iterations=32 runtime: 129514us
Mandelbrot: iterations=33 runtime: 129579us
Mandelbrot: iterations=34 runtime: 129595us
Mandelbrot: iterations=35 runtime: 129580us
Mandelbrot: iterations=36 runtime: 130427us
Mandelbrot: iterations=37 runtime: 129441us
Mandelbrot: iterations=38 runtime: 129506us
Mandelbrot: iterations=39 runtime: 129526us
Mandelbrot: iterations=40 runtime: 129544us
Mandelbrot: iterations=41 runtime: 129453us
Mandelbrot: iterations=42 runtime: 129506us
Mandelbrot: iterations=43 runtime: 129510us
Mandelbrot: iterations=44 runtime: 129576us
Mandelbrot: iterations=45 runtime: 129749us
Mandelbrot: iterations=46 runtime: 129504us
Mandelbrot: iterations=47 runtime: 129723us
Mandelbrot: iterations=48 runtime: 129683us
Mandelbrot: iterations=49 runtime: 129581us
Mandelbrot: iterations=50 runtime: 129625us
Mandelbrot: iterations=51 runtime: 129630us
Mandelbrot: iterations=52 runtime: 129590us
Mandelbrot: iterations=53 runtime: 129575us
Mandelbrot: iterations=54 runtime: 129642us
Mandelbrot: iterations=55 runtime: 130266us
Mandelbrot: iterations=56 runtime: 129361us
Mandelbrot: iterations=57 runtime: 129364us
Mandelbrot: iterations=58 runtime: 129356us
Mandelbrot: iterations=59 runtime: 129637us
Mandelbrot: iterations=60 runtime: 129333us
Mandelbrot: iterations=61 runtime: 129448us
Mandelbrot: iterations=62 runtime: 129608us
Mandelbrot: iterations=63 runtime: 129364us
Mandelbrot: iterations=64 runtime: 129380us
Mandelbrot: iterations=65 runtime: 129825us
Mandelbrot: iterations=66 runtime: 129359us
Mandelbrot: iterations=67 runtime: 129356us
Mandelbrot: iterations=68 runtime: 129364us
Mandelbrot: iterations=69 runtime: 129342us
Mandelbrot: iterations=70 runtime: 129413us
Mandelbrot: iterations=71 runtime: 129326us
Mandelbrot: iterations=72 runtime: 129345us
Mandelbrot: iterations=73 runtime: 129630us
Mandelbrot: iterations=74 runtime: 129412us
Mandelbrot: iterations=75 runtime: 129375us
Mandelbrot: iterations=76 runtime: 129400us
Mandelbrot: iterations=77 runtime: 129364us
Mandelbrot: iterations=78 runtime: 129406us
Could not locate BlockSlowdown.json
Skipping Loading (this might cause a fatal crash if GTSlowdown is on)
=== HumphreysDebugDataPhase ===
Compilation: 138-java.nio.Buffer.capacity()
Number of loops: 0

Block 0
  Successors:
  Predecessors:
  In loop: <none>
  Source positions in block:
    HotSpotMethod<Buffer.capacity()>
 BuboLoopMakers: 

=== End HumphreysDebugDataPhase ===
Mandelbrot: iterations=79 runtime: 129372us
Mandelbrot: iterations=80 runtime: 136741us
Mandelbrot: iterations=81 runtime: 129941us
Mandelbrot: iterations=82 runtime: 129410us
Mandelbrot: iterations=83 runtime: 129652us
Mandelbrot: iterations=84 runtime: 129523us
Mandelbrot: iterations=85 runtime: 129446us
Mandelbrot: iterations=86 runtime: 129446us
Mandelbrot: iterations=87 runtime: 129393us
Mandelbrot: iterations=88 runtime: 129413us
Mandelbrot: iterations=89 runtime: 130367us
Mandelbrot: iterations=90 runtime: 129405us
Mandelbrot: iterations=91 runtime: 129434us
Mandelbrot: iterations=92 runtime: 129397us
Mandelbrot: iterations=93 runtime: 129443us
Mandelbrot: iterations=94 runtime: 129429us
Mandelbrot: iterations=95 runtime: 129419us
Mandelbrot: iterations=96 runtime: 129401us
Mandelbrot: iterations=97 runtime: 129418us
Mandelbrot: iterations=98 runtime: 129461us
Mandelbrot: iterations=99 runtime: 129432us
Mandelbrot: iterations=100 runtime: 129363us
Mandelbrot: iterations=101 runtime: 129416us
Mandelbrot: iterations=102 runtime: 130229us
Mandelbrot: iterations=103 runtime: 129365us
Mandelbrot: iterations=104 runtime: 129315us
Mandelbrot: iterations=105 runtime: 129312us
Mandelbrot: iterations=106 runtime: 129324us
Mandelbrot: iterations=107 runtime: 129352us
Mandelbrot: iterations=108 runtime: 129381us
Mandelbrot: iterations=109 runtime: 129368us
Mandelbrot: iterations=110 runtime: 129366us
Mandelbrot: iterations=111 runtime: 129534us
Mandelbrot: iterations=112 runtime: 129529us
Mandelbrot: iterations=113 runtime: 129358us
Mandelbrot: iterations=114 runtime: 130279us
Could not locate BlockSlowdown.json
Skipping Loading (this might cause a fatal crash if GTSlowdown is on)
=== HumphreysDebugDataPhase ===
Compilation: 141-java.nio.charset.CharsetEncoder.maxBytesPerChar()
Number of loops: 0

Block 0
  Successors:
  Predecessors:
  In loop: <none>
  Source positions in block:
    HotSpotMethod<CharsetEncoder.maxBytesPerChar()>
 BuboLoopMakers: 

=== End HumphreysDebugDataPhase ===
Mandelbrot: iterations=115 runtime: 129368us
Mandelbrot: iterations=116 runtime: 139294us
Mandelbrot: iterations=117 runtime: 129393us
Mandelbrot: iterations=118 runtime: 129372us
Mandelbrot: iterations=119 runtime: 129430us
Mandelbrot: iterations=120 runtime: 129377us
Mandelbrot: iterations=121 runtime: 129441us
Mandelbrot: iterations=122 runtime: 129616us
Mandelbrot: iterations=123 runtime: 129374us
Mandelbrot: iterations=124 runtime: 129392us
Mandelbrot: iterations=125 runtime: 130260us
Mandelbrot: iterations=126 runtime: 129405us
Mandelbrot: iterations=127 runtime: 129363us
Mandelbrot: iterations=128 runtime: 129406us
Mandelbrot: iterations=129 runtime: 129368us
Mandelbrot: iterations=130 runtime: 129360us
Mandelbrot: iterations=131 runtime: 129388us
Mandelbrot: iterations=132 runtime: 129404us
Mandelbrot: iterations=133 runtime: 129370us
Mandelbrot: iterations=134 runtime: 129406us
Mandelbrot: iterations=135 runtime: 129357us
Mandelbrot: iterations=136 runtime: 130295us
Mandelbrot: iterations=137 runtime: 129400us
Mandelbrot: iterations=138 runtime: 129334us
Mandelbrot: iterations=139 runtime: 129345us
Mandelbrot: iterations=140 runtime: 129372us
Mandelbrot: iterations=141 runtime: 129364us
Mandelbrot: iterations=142 runtime: 129359us
Mandelbrot: iterations=143 runtime: 129405us
Mandelbrot: iterations=144 runtime: 129350us
Mandelbrot: iterations=145 runtime: 129431us
Mandelbrot: iterations=146 runtime: 129560us
Mandelbrot: iterations=147 runtime: 129907us
Mandelbrot: iterations=148 runtime: 129377us
Mandelbrot: iterations=149 runtime: 129429us
Mandelbrot: iterations=150 runtime: 129606us
Mandelbrot: iterations=151 runtime: 129348us
Mandelbrot: iterations=152 runtime: 129336us
Mandelbrot: iterations=153 runtime: 129393us
Mandelbrot: iterations=154 runtime: 130078us
Mandelbrot: iterations=155 runtime: 129353us
Mandelbrot: iterations=156 runtime: 129326us
Mandelbrot: iterations=157 runtime: 129342us
Mandelbrot: iterations=158 runtime: 129353us
Mandelbrot: iterations=159 runtime: 129336us
Mandelbrot: iterations=160 runtime: 129592us
Mandelbrot: iterations=161 runtime: 129467us
Mandelbrot: iterations=162 runtime: 129362us
Mandelbrot: iterations=163 runtime: 129378us
Mandelbrot: iterations=164 runtime: 129332us
Mandelbrot: iterations=165 runtime: 129397us
Mandelbrot: iterations=166 runtime: 129355us
Mandelbrot: iterations=167 runtime: 129339us
Mandelbrot: iterations=168 runtime: 129375us
Mandelbrot: iterations=169 runtime: 129329us
Mandelbrot: iterations=170 runtime: 129391us
Mandelbrot: iterations=171 runtime: 129332us
Mandelbrot: iterations=172 runtime: 129337us
Mandelbrot: iterations=173 runtime: 129988us
Mandelbrot: iterations=174 runtime: 129369us
Mandelbrot: iterations=175 runtime: 129354us
Mandelbrot: iterations=176 runtime: 130485us
Mandelbrot: iterations=177 runtime: 129575us
Mandelbrot: iterations=178 runtime: 129615us
Mandelbrot: iterations=179 runtime: 129537us
Mandelbrot: iterations=180 runtime: 129485us
Mandelbrot: iterations=181 runtime: 129532us
Mandelbrot: iterations=182 runtime: 129472us
Mandelbrot: iterations=183 runtime: 129451us
Mandelbrot: iterations=184 runtime: 129484us
Mandelbrot: iterations=185 runtime: 130569us
Mandelbrot: iterations=186 runtime: 129555us
Mandelbrot: iterations=187 runtime: 129569us
Mandelbrot: iterations=188 runtime: 129721us
Mandelbrot: iterations=189 runtime: 129664us
Mandelbrot: iterations=190 runtime: 129544us
Mandelbrot: iterations=191 runtime: 129444us
Mandelbrot: iterations=192 runtime: 129390us
Mandelbrot: iterations=193 runtime: 129408us
Mandelbrot: iterations=194 runtime: 129454us
Mandelbrot: iterations=195 runtime: 129425us
Mandelbrot: iterations=196 runtime: 130261us
Mandelbrot: iterations=197 runtime: 129418us
Mandelbrot: iterations=198 runtime: 130936us
Mandelbrot: iterations=199 runtime: 130573us
Mandelbrot: iterations=200 runtime: 129498us
Mandelbrot: iterations=201 runtime: 129521us
Mandelbrot: iterations=202 runtime: 129466us
Mandelbrot: iterations=203 runtime: 129383us
Mandelbrot: iterations=204 runtime: 129435us
Mandelbrot: iterations=205 runtime: 129416us
Mandelbrot: iterations=206 runtime: 129375us
Mandelbrot: iterations=207 runtime: 129386us
Mandelbrot: iterations=208 runtime: 130309us
Mandelbrot: iterations=209 runtime: 129413us
Mandelbrot: iterations=210 runtime: 129413us
Mandelbrot: iterations=211 runtime: 129419us
Mandelbrot: iterations=212 runtime: 129351us
Mandelbrot: iterations=213 runtime: 129445us
Mandelbrot: iterations=214 runtime: 129359us
Mandelbrot: iterations=215 runtime: 129385us
Mandelbrot: iterations=216 runtime: 129405us
Mandelbrot: iterations=217 runtime: 129394us
Mandelbrot: iterations=218 runtime: 129380us
Mandelbrot: iterations=219 runtime: 130228us
Mandelbrot: iterations=220 runtime: 129380us
Mandelbrot: iterations=221 runtime: 129354us
Mandelbrot: iterations=222 runtime: 129367us
Mandelbrot: iterations=223 runtime: 129414us
Mandelbrot: iterations=224 runtime: 129430us
Mandelbrot: iterations=225 runtime: 129350us
Mandelbrot: iterations=226 runtime: 129574us
Mandelbrot: iterations=227 runtime: 129775us
Mandelbrot: iterations=228 runtime: 129414us
Mandelbrot: iterations=229 runtime: 129404us
Mandelbrot: iterations=230 runtime: 130150us
Mandelbrot: iterations=231 runtime: 129358us
Mandelbrot: iterations=232 runtime: 130299us
Mandelbrot: iterations=233 runtime: 129391us
Mandelbrot: iterations=234 runtime: 129328us
Mandelbrot: iterations=235 runtime: 129330us
Mandelbrot: iterations=236 runtime: 129327us
Mandelbrot: iterations=237 runtime: 129502us
Mandelbrot: iterations=238 runtime: 129457us
Mandelbrot: iterations=239 runtime: 129338us
Mandelbrot: iterations=240 runtime: 129349us
Mandelbrot: iterations=241 runtime: 129335us
Mandelbrot: iterations=242 runtime: 129360us
Mandelbrot: iterations=243 runtime: 129326us
Mandelbrot: iterations=244 runtime: 129348us
Mandelbrot: iterations=245 runtime: 129351us
Mandelbrot: iterations=246 runtime: 129362us
Mandelbrot: iterations=247 runtime: 129407us
Mandelbrot: iterations=248 runtime: 129327us
Mandelbrot: iterations=249 runtime: 129331us
Mandelbrot: iterations=250 runtime: 129341us
Mandelbrot: iterations=251 runtime: 130227us
Mandelbrot: iterations=252 runtime: 129315us
Mandelbrot: iterations=253 runtime: 129339us
Mandelbrot: iterations=254 runtime: 129308us
Mandelbrot: iterations=255 runtime: 129391us
Mandelbrot: iterations=256 runtime: 129347us
Mandelbrot: iterations=257 runtime: 129397us
Mandelbrot: iterations=258 runtime: 129320us
Mandelbrot: iterations=259 runtime: 129366us
Mandelbrot: iterations=260 runtime: 129354us
Mandelbrot: iterations=261 runtime: 129355us
Mandelbrot: iterations=262 runtime: 130205us
Mandelbrot: iterations=263 runtime: 129391us
Mandelbrot: iterations=264 runtime: 129312us
Mandelbrot: iterations=265 runtime: 129490us
Mandelbrot: iterations=266 runtime: 129652us
Mandelbrot: iterations=267 runtime: 129478us
Mandelbrot: iterations=268 runtime: 129501us
Mandelbrot: iterations=269 runtime: 129480us
Mandelbrot: iterations=270 runtime: 129460us
Mandelbrot: iterations=271 runtime: 129490us
Mandelbrot: iterations=272 runtime: 129391us
Mandelbrot: iterations=273 runtime: 130337us
Mandelbrot: iterations=274 runtime: 129471us
Mandelbrot: iterations=275 runtime: 129529us
Mandelbrot: iterations=276 runtime: 129774us
Mandelbrot: iterations=277 runtime: 129492us
Mandelbrot: iterations=278 runtime: 129501us
Mandelbrot: iterations=279 runtime: 129529us
Mandelbrot: iterations=280 runtime: 129508us
Mandelbrot: iterations=281 runtime: 129514us
Mandelbrot: iterations=282 runtime: 129451us
Mandelbrot: iterations=283 runtime: 129404us
Mandelbrot: iterations=284 runtime: 129601us
Mandelbrot: iterations=285 runtime: 130277us
Mandelbrot: iterations=286 runtime: 129570us
Mandelbrot: iterations=287 runtime: 129354us
Mandelbrot: iterations=288 runtime: 129339us
Mandelbrot: iterations=289 runtime: 129371us
Mandelbrot: iterations=290 runtime: 129370us
Mandelbrot: iterations=291 runtime: 129348us
Mandelbrot: iterations=292 runtime: 129381us
Mandelbrot: iterations=293 runtime: 129332us
Mandelbrot: iterations=294 runtime: 129330us
Mandelbrot: iterations=295 runtime: 129366us
Mandelbrot: iterations=296 runtime: 130178us
Mandelbrot: iterations=297 runtime: 129372us
Mandelbrot: iterations=298 runtime: 129376us
Mandelbrot: iterations=299 runtime: 129348us
Mandelbrot: iterations=300 runtime: 129392us
Mandelbrot: iterations=301 runtime: 129439us
Mandelbrot: iterations=302 runtime: 129449us
Mandelbrot: iterations=303 runtime: 129453us
Mandelbrot: iterations=304 runtime: 129730us
Mandelbrot: iterations=305 runtime: 129487us
Mandelbrot: iterations=306 runtime: 129458us
Mandelbrot: iterations=307 runtime: 130331us
Mandelbrot: iterations=308 runtime: 129455us
Mandelbrot: iterations=309 runtime: 129513us
Mandelbrot: iterations=310 runtime: 129473us
Mandelbrot: iterations=311 runtime: 129446us
Mandelbrot: iterations=312 runtime: 129477us
Mandelbrot: iterations=313 runtime: 129473us
Mandelbrot: iterations=314 runtime: 129531us
Mandelbrot: iterations=315 runtime: 129468us
Mandelbrot: iterations=316 runtime: 129357us
Mandelbrot: iterations=317 runtime: 129376us
Mandelbrot: iterations=318 runtime: 130098us
Mandelbrot: iterations=319 runtime: 129353us
Mandelbrot: iterations=320 runtime: 129318us
Mandelbrot: iterations=321 runtime: 129420us
Mandelbrot: iterations=322 runtime: 129512us
Mandelbrot: iterations=323 runtime: 129456us
Mandelbrot: iterations=324 runtime: 129376us
Mandelbrot: iterations=325 runtime: 129377us
Mandelbrot: iterations=326 runtime: 129365us
Mandelbrot: iterations=327 runtime: 129334us
Mandelbrot: iterations=328 runtime: 129327us
Mandelbrot: iterations=329 runtime: 129330us
Mandelbrot: iterations=330 runtime: 130202us
Mandelbrot: iterations=331 runtime: 129345us
Mandelbrot: iterations=332 runtime: 129343us
Mandelbrot: iterations=333 runtime: 129354us
Mandelbrot: iterations=334 runtime: 129371us
Mandelbrot: iterations=335 runtime: 129323us
Mandelbrot: iterations=336 runtime: 129322us
Mandelbrot: iterations=337 runtime: 129350us
Mandelbrot: iterations=338 runtime: 129335us
Mandelbrot: iterations=339 runtime: 129351us
Mandelbrot: iterations=340 runtime: 129367us
Mandelbrot: iterations=341 runtime: 130219us
Mandelbrot: iterations=342 runtime: 129432us
Mandelbrot: iterations=343 runtime: 129625us
Mandelbrot: iterations=344 runtime: 129343us
Mandelbrot: iterations=345 runtime: 129368us
Mandelbrot: iterations=346 runtime: 129372us
Mandelbrot: iterations=347 runtime: 129363us
Mandelbrot: iterations=348 runtime: 129332us
Mandelbrot: iterations=349 runtime: 129345us
Mandelbrot: iterations=350 runtime: 129353us
Mandelbrot: iterations=351 runtime: 129334us
Mandelbrot: iterations=352 runtime: 130086us
Mandelbrot: iterations=353 runtime: 129725us
Mandelbrot: iterations=354 runtime: 129468us
Mandelbrot: iterations=355 runtime: 130357us
Mandelbrot: iterations=356 runtime: 129440us
Mandelbrot: iterations=357 runtime: 129439us
Mandelbrot: iterations=358 runtime: 129405us
Mandelbrot: iterations=359 runtime: 129452us
Mandelbrot: iterations=360 runtime: 129385us
Mandelbrot: iterations=361 runtime: 129396us
Mandelbrot: iterations=362 runtime: 129388us
Mandelbrot: iterations=363 runtime: 129406us
Mandelbrot: iterations=364 runtime: 129487us
Mandelbrot: iterations=365 runtime: 129429us
Mandelbrot: iterations=366 runtime: 129687us
Mandelbrot: iterations=367 runtime: 129367us
Mandelbrot: iterations=368 runtime: 129319us
Mandelbrot: iterations=369 runtime: 129310us
Mandelbrot: iterations=370 runtime: 129338us
Mandelbrot: iterations=371 runtime: 129338us
Mandelbrot: iterations=372 runtime: 129334us
Mandelbrot: iterations=373 runtime: 129378us
Mandelbrot: iterations=374 runtime: 129330us
Mandelbrot: iterations=375 runtime: 129358us
Mandelbrot: iterations=376 runtime: 131013us
Mandelbrot: iterations=377 runtime: 129876us
Mandelbrot: iterations=378 runtime: 130222us
Mandelbrot: iterations=379 runtime: 129362us
Mandelbrot: iterations=380 runtime: 129370us
Mandelbrot: iterations=381 runtime: 129561us
Mandelbrot: iterations=382 runtime: 129467us
Mandelbrot: iterations=383 runtime: 129393us
Mandelbrot: iterations=384 runtime: 129346us
Mandelbrot: iterations=385 runtime: 129376us
Mandelbrot: iterations=386 runtime: 129355us
Mandelbrot: iterations=387 runtime: 129354us
Mandelbrot: iterations=388 runtime: 129373us
Mandelbrot: iterations=389 runtime: 130042us
Mandelbrot: iterations=390 runtime: 129307us
Mandelbrot: iterations=391 runtime: 129422us
Mandelbrot: iterations=392 runtime: 129533us
Mandelbrot: iterations=393 runtime: 129327us
Mandelbrot: iterations=394 runtime: 129341us
Mandelbrot: iterations=395 runtime: 129339us
Mandelbrot: iterations=396 runtime: 129335us
Mandelbrot: iterations=397 runtime: 129306us
Mandelbrot: iterations=398 runtime: 129353us
Mandelbrot: iterations=399 runtime: 129346us
Mandelbrot: iterations=400 runtime: 130523us
Mandelbrot: iterations=401 runtime: 130486us
Mandelbrot: iterations=402 runtime: 129513us
Mandelbrot: iterations=403 runtime: 129412us
Mandelbrot: iterations=404 runtime: 129394us
Mandelbrot: iterations=405 runtime: 129427us
Mandelbrot: iterations=406 runtime: 129359us
Mandelbrot: iterations=407 runtime: 129332us
Mandelbrot: iterations=408 runtime: 129362us
Mandelbrot: iterations=409 runtime: 129352us
Mandelbrot: iterations=410 runtime: 129388us
Mandelbrot: iterations=411 runtime: 129358us
Mandelbrot: iterations=412 runtime: 130227us
Mandelbrot: iterations=413 runtime: 129379us
Mandelbrot: iterations=414 runtime: 129363us
Mandelbrot: iterations=415 runtime: 129407us
Mandelbrot: iterations=416 runtime: 129348us
Mandelbrot: iterations=417 runtime: 129368us
Mandelbrot: iterations=418 runtime: 129358us
Mandelbrot: iterations=419 runtime: 129384us
Mandelbrot: iterations=420 runtime: 129636us
Mandelbrot: iterations=421 runtime: 129384us
Mandelbrot: iterations=422 runtime: 129358us
Mandelbrot: iterations=423 runtime: 129431us
Mandelbrot: iterations=424 runtime: 129368us
Mandelbrot: iterations=425 runtime: 129456us
Could not locate BlockSlowdown.json
Skipping Loading (this might cause a fatal crash if GTSlowdown is on)
=== HumphreysDebugDataPhase ===
Compilation: 142-java.lang.StringLatin1.inflate(byte[], int, char[], int, int)
Number of loops: 3

Block 0
  Successors:
    -> 24
    -> 2
  Predecessors:
  In loop: <none>
  Source positions in block:
    HotSpotMethod<StringLatin1.inflate(byte[], int, char[], int, int)>
 BuboLoopMakers: 

Block 1
  Successors:
    -> 24
  Predecessors:
    <- 0
  In loop: <none>
  Source positions in block:
    HotSpotMethod<StringLatin1.inflate(byte[], int, char[], int, int)>
 BuboLoopMakers: 

Block 2
  Successors:
    -> 7
    -> 4
  Predecessors:
    <- 0
  In loop: <none>
  Source positions in block:
    HotSpotMethod<StringLatin1.inflate(byte[], int, char[], int, int)>
 BuboLoopMakers: 

Block 3
  Successors:
    -> 7
  Predecessors:
    <- 2
  In loop: <none>
  Source positions in block:
    HotSpotMethod<StringLatin1.inflate(byte[], int, char[], int, int)>
 BuboLoopMakers: 

Block 4
  Successors:
    -> 5
    -> 30
  Predecessors:
    <- 2
  In loop: <none>
  Source positions in block:
    HotSpotMethod<StringLatin1.inflate(byte[], int, char[], int, int)>
 BuboLoopMakers: 

Block 5
  Successors:
    -> 7
    -> 29
  Predecessors:
    <- 4
  In loop: <none>
  Source positions in block:
    HotSpotMethod<StringLatin1.inflate(byte[], int, char[], int, int)>
 BuboLoopMakers: 

Block 6
  Successors:
    -> 7
  Predecessors:
    <- 5
  In loop: <none>
  Source positions in block:
    HotSpotMethod<StringLatin1.inflate(byte[], int, char[], int, int)>
 BuboLoopMakers: 

Block 7
  Successors:
    -> 12
    -> 9
  Predecessors:
    <- 2
    <- 5
  In loop: <none>
  Source positions in block:
    HotSpotMethod<StringLatin1.inflate(byte[], int, char[], int, int)>
 BuboLoopMakers: 

Block 8
  Successors:
    -> 12
  Predecessors:
    <- 7
  In loop: <none>
  Source positions in block:
    HotSpotMethod<StringLatin1.inflate(byte[], int, char[], int, int)>
 BuboLoopMakers: 

Block 9
  Successors:
    -> 10
    -> 28
  Predecessors:
    <- 7
  In loop: <none>
  Source positions in block:
    HotSpotMethod<StringLatin1.inflate(byte[], int, char[], int, int)>
 BuboLoopMakers: 

Block 10
  Successors:
    -> 12
    -> 27
  Predecessors:
    <- 9
  In loop: <none>
  Source positions in block:
    HotSpotMethod<StringLatin1.inflate(byte[], int, char[], int, int)>
 BuboLoopMakers: 

Block 11
  Successors:
    -> 12
  Predecessors:
    <- 10
  In loop: <none>
  Source positions in block:
    HotSpotMethod<StringLatin1.inflate(byte[], int, char[], int, int)>
 BuboLoopMakers: 

Block 12
  Successors:
    -> 13
    -> 26
  Predecessors:
    <- 7
    <- 10
  In loop: <none>
  Source positions in block:
    HotSpotMethod<StringLatin1.inflate(byte[], int, char[], int, int)>
 BuboLoopMakers: 

Block 13
  Successors:
    -> 14
    -> 25
  Predecessors:
    <- 12
  In loop: <none>
  Source positions in block:
    HotSpotMethod<StringLatin1.inflate(byte[], int, char[], int, int)>
 BuboLoopMakers: 

Block 14
  Successors:
    -> 15
  Predecessors:
    <- 13
  In loop: <none>
  Source positions in block:
    HotSpotMethod<StringLatin1.inflate(byte[], int, char[], int, int)>
 BuboLoopMakers: 

Block 15
  Successors:
    -> 16
    -> 17
  Predecessors:
    <- 14
    <- 16
  In loop: L0
  Source positions in block:
    HotSpotMethod<BuboAgentCompilerMarkers.Marker0()>
 BuboLoopMakers: 

Block 16
  Successors:
    -> 15
  Predecessors:
    <- 15
  In loop: L0
  Source positions in block:
    HotSpotMethod<BuboAgentCompilerMarkers.Marker0()>
 BuboLoopMakers: 

Block 17
  Successors:
    -> 18
  Predecessors:
    <- 15
  In loop: <none>
  Source positions in block:
    HotSpotMethod<StringLatin1.inflate(byte[], int, char[], int, int)>
 BuboLoopMakers: 

Block 18
  Successors:
    -> 19
    -> 20
  Predecessors:
    <- 17
    <- 19
  In loop: L1
  Source positions in block:
    HotSpotMethod<BuboAgentCompilerMarkers.Marker1()>
 BuboLoopMakers: 

Block 19
  Successors:
    -> 18
  Predecessors:
    <- 18
  In loop: L1
  Source positions in block:
    HotSpotMethod<BuboAgentCompilerMarkers.Marker1()>
 BuboLoopMakers: 

Block 20
  Successors:
    -> 21
  Predecessors:
    <- 18
  In loop: <none>
  Source positions in block:
    HotSpotMethod<StringLatin1.inflate(byte[], int, char[], int, int)>
 BuboLoopMakers: 

Block 21
  Successors:
    -> 22
    -> 23
  Predecessors:
    <- 20
    <- 22
  In loop: L2
  Source positions in block:
    HotSpotMethod<BuboAgentCompilerMarkers.Marker2()>
 BuboLoopMakers: 

Block 22
  Successors:
    -> 21
  Predecessors:
    <- 21
  In loop: L2
  Source positions in block:
    HotSpotMethod<BuboAgentCompilerMarkers.Marker2()>
 BuboLoopMakers: 

Block 23
  Successors:
    -> 24
  Predecessors:
    <- 21
  In loop: <none>
  Source positions in block:
    HotSpotMethod<StringLatin1.inflate(byte[], int, char[], int, int)>
 BuboLoopMakers: 

Block 24
  Successors:
  Predecessors:
    <- 23
    <- 0
  In loop: <none>
  Source positions in block:
    HotSpotMethod<StringLatin1.inflate(byte[], int, char[], int, int)>
 BuboLoopMakers: 

Block 25
  Successors:
    -> 31
  Predecessors:
    <- 13
  In loop: <none>
  Source positions in block:
    HotSpotMethod<StringLatin1.inflate(byte[], int, char[], int, int)>
 BuboLoopMakers: 

Block 26
  Successors:
    -> 31
  Predecessors:
    <- 12
  In loop: <none>
  Source positions in block:
    HotSpotMethod<StringLatin1.inflate(byte[], int, char[], int, int)>
 BuboLoopMakers: 

Block 27
  Successors:
    -> 31
  Predecessors:
    <- 10
  In loop: <none>
  Source positions in block:
    HotSpotMethod<StringLatin1.inflate(byte[], int, char[], int, int)>
 BuboLoopMakers: 

Block 28
  Successors:
    -> 31
  Predecessors:
    <- 9
  In loop: <none>
  Source positions in block:
    HotSpotMethod<StringLatin1.inflate(byte[], int, char[], int, int)>
 BuboLoopMakers: 

Block 29
  Successors:
    -> 31
  Predecessors:
    <- 5
  In loop: <none>
  Source positions in block:
    HotSpotMethod<StringLatin1.inflate(byte[], int, char[], int, int)>
 BuboLoopMakers: 

Block 30
  Successors:
    -> 31
  Predecessors:
    <- 4
  In loop: <none>
  Source positions in block:
    HotSpotMethod<StringLatin1.inflate(byte[], int, char[], int, int)>
 BuboLoopMakers: 

Block 31
  Successors:
  Predecessors:
    <- 30
    <- 28
    <- 26
    <- 25
    <- 29
    <- 27
  In loop: <none>
  Source positions in block:
    HotSpotMethod<StringLatin1.inflate(byte[], int, char[], int, int)>
 BuboLoopMakers: 

=== End HumphreysDebugDataPhase ===
java.lang.StringLatin1.inflate(byte[], int, char[], int, int)void -1 codeSignature differs 0a6f668a6a43c3a8960eb95017d75bcfa669424f2205a3c01d6c903efcc27e51 != 17fc64c9586f0ecf27e1468b2eeb1b40eb8569e6db2faf747d95dee3bfb3e1f0
java.lang.StringLatin1.inflate(byte[], int, char[], int, int)void -1 graphSignature differs 17e6f3ed6596e5d6840a8a77065c9470c41838c2630b4535538ec163efd33e69 != e838eb1809aadd841c1ff5fe2e7a1043b73670d291c51dcf64d0aae8eaa2b7e0
Mandelbrot: iterations=426 runtime: 129350us
Mandelbrot: iterations=427 runtime: 138361us
Mandelbrot: iterations=428 runtime: 129358us
Mandelbrot: iterations=429 runtime: 129352us
Mandelbrot: iterations=430 runtime: 129636us
Mandelbrot: iterations=431 runtime: 129382us
Mandelbrot: iterations=432 runtime: 129386us
Mandelbrot: iterations=433 runtime: 130067us
Mandelbrot: iterations=434 runtime: 129647us
Mandelbrot: iterations=435 runtime: 129502us
Mandelbrot: iterations=436 runtime: 130628us
Mandelbrot: iterations=437 runtime: 129585us
Mandelbrot: iterations=438 runtime: 129767us
Mandelbrot: iterations=439 runtime: 129491us
Mandelbrot: iterations=440 runtime: 129430us
Mandelbrot: iterations=441 runtime: 129458us
Mandelbrot: iterations=442 runtime: 129502us
Mandelbrot: iterations=443 runtime: 129486us
Mandelbrot: iterations=444 runtime: 129415us
Mandelbrot: iterations=445 runtime: 129505us
Mandelbrot: iterations=446 runtime: 129485us
Mandelbrot: iterations=447 runtime: 130339us
Could not locate BlockSlowdown.json
Skipping Loading (this might cause a fatal crash if GTSlowdown is on)
=== HumphreysDebugDataPhase ===
Compilation: 143-java.lang.StringCoding.implEncodeAsciiArray(char[], int, byte[], int, int)
Number of loops: 1

Block 0
  Successors:
    -> 1
    -> 2
  Predecessors:
  In loop: <none>
  Source positions in block:
    HotSpotMethod<StringCoding.implEncodeAsciiArray(char[], int, byte[], int, int)>
 BuboLoopMakers: 

Block 1
  Successors:
    -> 3
  Predecessors:
    <- 0
  In loop: <none>
  Source positions in block:
    HotSpotMethod<StringCoding.implEncodeAsciiArray(char[], int, byte[], int, int)>
 BuboLoopMakers: 

Block 2
  Successors:
    -> 3
  Predecessors:
    <- 0
  In loop: <none>
  Source positions in block:
    HotSpotMethod<StringCoding.implEncodeAsciiArray(char[], int, byte[], int, int)>
 BuboLoopMakers: 

Block 3
  Successors:
    -> 7
    -> 5
  Predecessors:
    <- 1
    <- 2
  In loop: <none>
  Source positions in block:
    HotSpotMethod<StringCoding.implEncodeAsciiArray(char[], int, byte[], int, int)>
 BuboLoopMakers: 

Block 4
  Successors:
    -> 7
  Predecessors:
    <- 3
  In loop: <none>
  Source positions in block:
    HotSpotMethod<StringCoding.implEncodeAsciiArray(char[], int, byte[], int, int)>
 BuboLoopMakers: 

Block 5
  Successors:
    -> 7
    -> 53
  Predecessors:
    <- 3
  In loop: <none>
  Source positions in block:
    HotSpotMethod<StringCoding.implEncodeAsciiArray(char[], int, byte[], int, int)>
 BuboLoopMakers: 

Block 6
  Successors:
    -> 7
  Predecessors:
    <- 5
  In loop: <none>
  Source positions in block:
    HotSpotMethod<StringCoding.implEncodeAsciiArray(char[], int, byte[], int, int)>
 BuboLoopMakers: 

Block 7
  Successors:
    -> 8
    -> 9
  Predecessors:
    <- 3
    <- 5
  In loop: <none>
  Source positions in block:
    HotSpotMethod<StringCoding.implEncodeAsciiArray(char[], int, byte[], int, int)>
 BuboLoopMakers: 

Block 8
  Successors:
    -> 10
  Predecessors:
    <- 7
  In loop: <none>
  Source positions in block:
    HotSpotMethod<StringCoding.implEncodeAsciiArray(char[], int, byte[], int, int)>
 BuboLoopMakers: 

Block 9
  Successors:
    -> 10
  Predecessors:
    <- 7
  In loop: <none>
  Source positions in block:
    HotSpotMethod<StringCoding.implEncodeAsciiArray(char[], int, byte[], int, int)>
 BuboLoopMakers: 

Block 10
  Successors:
    -> 14
    -> 12
  Predecessors:
    <- 8
    <- 9
  In loop: <none>
  Source positions in block:
    HotSpotMethod<StringCoding.implEncodeAsciiArray(char[], int, byte[], int, int)>
 BuboLoopMakers: 

Block 11
  Successors:
    -> 14
  Predecessors:
    <- 10
  In loop: <none>
  Source positions in block:
    HotSpotMethod<StringCoding.implEncodeAsciiArray(char[], int, byte[], int, int)>
 BuboLoopMakers: 

Block 12
  Successors:
    -> 14
    -> 52
  Predecessors:
    <- 10
  In loop: <none>
  Source positions in block:
    HotSpotMethod<StringCoding.implEncodeAsciiArray(char[], int, byte[], int, int)>
 BuboLoopMakers: 

Block 13
  Successors:
    -> 14
  Predecessors:
    <- 12
  In loop: <none>
  Source positions in block:
    HotSpotMethod<StringCoding.implEncodeAsciiArray(char[], int, byte[], int, int)>
 BuboLoopMakers: 

Block 14
  Successors:
    -> 15
    -> 51
  Predecessors:
    <- 10
    <- 12
  In loop: <none>
  Source positions in block:
    HotSpotMethod<StringCoding.implEncodeAsciiArray(char[], int, byte[], int, int)>
 BuboLoopMakers: 

Block 15
  Successors:
    -> 16
    -> 49
  Predecessors:
    <- 14
  In loop: <none>
  Source positions in block:
    HotSpotMethod<StringCoding.implEncodeAsciiArray(char[], int, byte[], int, int)>
 BuboLoopMakers: 

Block 16
  Successors:
    -> 17
    -> 48
  Predecessors:
    <- 15
  In loop: <none>
  Source positions in block:
    HotSpotMethod<StringCoding.implEncodeAsciiArray(char[], int, byte[], int, int)>
 BuboLoopMakers: 

Block 17
  Successors:
    -> 18
    -> 47
  Predecessors:
    <- 16
  In loop: <none>
  Source positions in block:
    HotSpotMethod<StringCoding.implEncodeAsciiArray(char[], int, byte[], int, int)>
 BuboLoopMakers: 

Block 18
  Successors:
    -> 19
    -> 46
  Predecessors:
    <- 17
  In loop: <none>
  Source positions in block:
    HotSpotMethod<StringCoding.implEncodeAsciiArray(char[], int, byte[], int, int)>
 BuboLoopMakers: 

Block 19
  Successors:
    -> 20
    -> 25
  Predecessors:
    <- 18
  In loop: <none>
  Source positions in block:
    HotSpotMethod<StringCoding.implEncodeAsciiArray(char[], int, byte[], int, int)>
 BuboLoopMakers: 

Block 20
  Successors:
    -> 21
    -> 24
  Predecessors:
    <- 19
  In loop: <none>
  Source positions in block:
    HotSpotMethod<StringCoding.implEncodeAsciiArray(char[], int, byte[], int, int)>
 BuboLoopMakers: 

Block 21
  Successors:
    -> 26
    -> 23
  Predecessors:
    <- 20
  In loop: <none>
  Source positions in block:
    HotSpotMethod<StringCoding.implEncodeAsciiArray(char[], int, byte[], int, int)>
 BuboLoopMakers: 

Block 22
  Successors:
    -> 26
  Predecessors:
    <- 21
  In loop: <none>
  Source positions in block:
    HotSpotMethod<StringCoding.implEncodeAsciiArray(char[], int, byte[], int, int)>
 BuboLoopMakers: 

Block 23
  Successors:
    -> 45
  Predecessors:
    <- 21
  In loop: <none>
  Source positions in block:
    HotSpotMethod<StringCoding.implEncodeAsciiArray(char[], int, byte[], int, int)>
 BuboLoopMakers: 

Block 24
  Successors:
    -> 45
  Predecessors:
    <- 20
  In loop: <none>
  Source positions in block:
    HotSpotMethod<StringCoding.implEncodeAsciiArray(char[], int, byte[], int, int)>
 BuboLoopMakers: 

Block 25
  Successors:
    -> 26
  Predecessors:
    <- 19
  In loop: <none>
  Source positions in block:
    HotSpotMethod<StringCoding.implEncodeAsciiArray(char[], int, byte[], int, int)>
 BuboLoopMakers: 

Block 26
  Successors:
    -> 27
    -> 33
  Predecessors:
    <- 25
    <- 21
  In loop: <none>
  Source positions in block:
    HotSpotMethod<StringCoding.implEncodeAsciiArray(char[], int, byte[], int, int)>
 BuboLoopMakers: 

Block 27
  Successors:
    -> 28
    -> 31
  Predecessors:
    <- 26
  In loop: <none>
  Source positions in block:
    HotSpotMethod<StringCoding.implEncodeAsciiArray(char[], int, byte[], int, int)>
 BuboLoopMakers: 

Block 28
  Successors:
    -> 33
    -> 30
  Predecessors:
    <- 27
  In loop: <none>
  Source positions in block:
    HotSpotMethod<StringCoding.implEncodeAsciiArray(char[], int, byte[], int, int)>
 BuboLoopMakers: 

Block 29
  Successors:
    -> 33
  Predecessors:
    <- 28
  In loop: <none>
  Source positions in block:
    HotSpotMethod<StringCoding.implEncodeAsciiArray(char[], int, byte[], int, int)>
 BuboLoopMakers: 

Block 30
  Successors:
    -> 45
  Predecessors:
    <- 28
  In loop: <none>
  Source positions in block:
    HotSpotMethod<StringCoding.implEncodeAsciiArray(char[], int, byte[], int, int)>
 BuboLoopMakers: 

Block 31
  Successors:
    -> 45
  Predecessors:
    <- 27
  In loop: <none>
  Source positions in block:
    HotSpotMethod<StringCoding.implEncodeAsciiArray(char[], int, byte[], int, int)>
 BuboLoopMakers: 

Block 32
  Successors:
    -> 33
  Predecessors:
    <- 26
  In loop: <none>
  Source positions in block:
    HotSpotMethod<StringCoding.implEncodeAsciiArray(char[], int, byte[], int, int)>
 BuboLoopMakers: 

Block 33
  Successors:
    -> 34
    -> 44
  Predecessors:
    <- 26
    <- 28
  In loop: <none>
  Source positions in block:
    HotSpotMethod<StringCoding.implEncodeAsciiArray(char[], int, byte[], int, int)>
 BuboLoopMakers: 

Block 34
  Successors:
    -> 35
    -> 43
  Predecessors:
    <- 33
  In loop: <none>
  Source positions in block:
    HotSpotMethod<StringCoding.implEncodeAsciiArray(char[], int, byte[], int, int)>
 BuboLoopMakers: 

Block 35
  Successors:
    -> 36
    -> 42
  Predecessors:
    <- 34
  In loop: <none>
  Source positions in block:
    HotSpotMethod<StringCoding.implEncodeAsciiArray(char[], int, byte[], int, int)>
 BuboLoopMakers: 

Block 36
  Successors:
    -> 37
  Predecessors:
    <- 35
  In loop: <none>
  Source positions in block:
    HotSpotMethod<StringCoding.implEncodeAsciiArray(char[], int, byte[], int, int)>
 BuboLoopMakers: 

Block 37
  Successors:
    -> 38
    -> 40
  Predecessors:
    <- 36
    <- 39
  In loop: L0
  Source positions in block:
    HotSpotMethod<BuboAgentCompilerMarkers.Marker0()>
 BuboLoopMakers: 

Block 38
  Successors:
    -> 39
    -> 41
  Predecessors:
    <- 37
  In loop: L0
  Source positions in block:
    HotSpotMethod<BuboAgentCompilerMarkers.Marker0()>
 BuboLoopMakers: 

Block 39
  Successors:
    -> 37
  Predecessors:
    <- 38
  In loop: L0
  Source positions in block:
    HotSpotMethod<BuboAgentCompilerMarkers.Marker0()>
 BuboLoopMakers: 

Block 40
  Successors:
    -> 51
  Predecessors:
    <- 37
  In loop: <none>
  Source positions in block:
    HotSpotMethod<StringCoding.implEncodeAsciiArray(char[], int, byte[], int, int)>
 BuboLoopMakers: 

Block 41
  Successors:
  Predecessors:
    <- 38
  In loop: <none>
  Source positions in block:
    HotSpotMethod<StringCoding.implEncodeAsciiArray(char[], int, byte[], int, int)>
 BuboLoopMakers: 

Block 42
  Successors:
    -> 45
  Predecessors:
    <- 35
  In loop: <none>
  Source positions in block:
    HotSpotMethod<StringCoding.implEncodeAsciiArray(char[], int, byte[], int, int)>
 BuboLoopMakers: 

Block 43
  Successors:
    -> 45
  Predecessors:
    <- 34
  In loop: <none>
  Source positions in block:
    HotSpotMethod<StringCoding.implEncodeAsciiArray(char[], int, byte[], int, int)>
 BuboLoopMakers: 

Block 44
  Successors:
    -> 45
  Predecessors:
    <- 33
  In loop: <none>
  Source positions in block:
    HotSpotMethod<StringCoding.implEncodeAsciiArray(char[], int, byte[], int, int)>
 BuboLoopMakers: 

Block 45
  Successors:
  Predecessors:
    <- 24
    <- 31
    <- 44
    <- 43
    <- 42
    <- 23
    <- 30
  In loop: <none>
  Source positions in block:
    HotSpotMethod<StringCoding.implEncodeAsciiArray(char[], int, byte[], int, int)>
 BuboLoopMakers: 

Block 46
  Successors:
    -> 51
  Predecessors:
    <- 18
  In loop: <none>
  Source positions in block:
    HotSpotMethod<StringCoding.implEncodeAsciiArray(char[], int, byte[], int, int)>
 BuboLoopMakers: 

Block 47
  Successors:
    -> 54
  Predecessors:
    <- 17
  In loop: <none>
  Source positions in block:
    HotSpotMethod<StringCoding.implEncodeAsciiArray(char[], int, byte[], int, int)>
 BuboLoopMakers: 

Block 48
  Successors:
    -> 54
  Predecessors:
    <- 16
  In loop: <none>
  Source positions in block:
    HotSpotMethod<StringCoding.implEncodeAsciiArray(char[], int, byte[], int, int)>
 BuboLoopMakers: 

Block 49
  Successors:
    -> 54
  Predecessors:
    <- 15
  In loop: <none>
  Source positions in block:
    HotSpotMethod<StringCoding.implEncodeAsciiArray(char[], int, byte[], int, int)>
 BuboLoopMakers: 

Block 50
  Successors:
    -> 51
  Predecessors:
    <- 14
  In loop: <none>
  Source positions in block:
    HotSpotMethod<StringCoding.implEncodeAsciiArray(char[], int, byte[], int, int)>
 BuboLoopMakers: 

Block 51
  Successors:
  Predecessors:
    <- 40
    <- 14
    <- 46
  In loop: <none>
  Source positions in block:
    HotSpotMethod<StringCoding.implEncodeAsciiArray(char[], int, byte[], int, int)>
 BuboLoopMakers: 

Block 52
  Successors:
    -> 54
  Predecessors:
    <- 12
  In loop: <none>
  Source positions in block:
    HotSpotMethod<StringCoding.implEncodeAsciiArray(char[], int, byte[], int, int)>
 BuboLoopMakers: 

Block 53
  Successors:
    -> 54
  Predecessors:
    <- 5
  In loop: <none>
  Source positions in block:
    HotSpotMethod<StringCoding.implEncodeAsciiArray(char[], int, byte[], int, int)>
 BuboLoopMakers: 

Block 54
  Successors:
  Predecessors:
    <- 53
    <- 52
    <- 49
    <- 48
    <- 47
  In loop: <none>
  Source positions in block:
    HotSpotMethod<StringCoding.implEncodeAsciiArray(char[], int, byte[], int, int)>
 BuboLoopMakers: 

=== End HumphreysDebugDataPhase ===
=== HumphreysDebugDataPhase ===
Compilation: 144-java.lang.StringCoding.implEncodeAsciiArray(char[], int, byte[], int, int)
Number of loops: 1

Block 0
  Successors:
    -> 1
    -> 2
  Predecessors:
  In loop: <none>
  Source positions in block:
    HotSpotMethod<StringCoding.implEncodeAsciiArray(char[], int, byte[], int, int)>
 BuboLoopMakers: 

Block 1
  Successors:
    -> 20
  Predecessors:
    <- 0
  In loop: <none>
  Source positions in block:
    HotSpotMethod<StringCoding.implEncodeAsciiArray(char[], int, byte[], int, int)>
 BuboLoopMakers: 

Block 2
  Successors:
    -> 7
    -> 4
  Predecessors:
    <- 0
  In loop: <none>
  Source positions in block:
    HotSpotMethod<StringCoding.implEncodeAsciiArray(char[], int, byte[], int, int)>
 BuboLoopMakers: 

Block 3
  Successors:
    -> 7
  Predecessors:
    <- 2
  In loop: <none>
  Source positions in block:
    HotSpotMethod<StringCoding.implEncodeAsciiArray(char[], int, byte[], int, int)>
 BuboLoopMakers: 

Block 4
  Successors:
    -> 5
    -> 28
  Predecessors:
    <- 2
  In loop: <none>
  Source positions in block:
    HotSpotMethod<StringCoding.implEncodeAsciiArray(char[], int, byte[], int, int)>
 BuboLoopMakers: 

Block 5
  Successors:
    -> 7
    -> 27
  Predecessors:
    <- 4
  In loop: <none>
  Source positions in block:
    HotSpotMethod<StringCoding.implEncodeAsciiArray(char[], int, byte[], int, int)>
 BuboLoopMakers: 

Block 6
  Successors:
    -> 7
  Predecessors:
    <- 5
  In loop: <none>
  Source positions in block:
    HotSpotMethod<StringCoding.implEncodeAsciiArray(char[], int, byte[], int, int)>
 BuboLoopMakers: 

Block 7
  Successors:
    -> 12
    -> 9
  Predecessors:
    <- 2
    <- 5
  In loop: <none>
  Source positions in block:
    HotSpotMethod<StringCoding.implEncodeAsciiArray(char[], int, byte[], int, int)>
 BuboLoopMakers: 

Block 8
  Successors:
    -> 12
  Predecessors:
    <- 7
  In loop: <none>
  Source positions in block:
    HotSpotMethod<StringCoding.implEncodeAsciiArray(char[], int, byte[], int, int)>
 BuboLoopMakers: 

Block 9
  Successors:
    -> 10
    -> 26
  Predecessors:
    <- 7
  In loop: <none>
  Source positions in block:
    HotSpotMethod<StringCoding.implEncodeAsciiArray(char[], int, byte[], int, int)>
 BuboLoopMakers: 

Block 10
  Successors:
    -> 12
    -> 25
  Predecessors:
    <- 9
  In loop: <none>
  Source positions in block:
    HotSpotMethod<StringCoding.implEncodeAsciiArray(char[], int, byte[], int, int)>
 BuboLoopMakers: 

Block 11
  Successors:
    -> 12
  Predecessors:
    <- 10
  In loop: <none>
  Source positions in block:
    HotSpotMethod<StringCoding.implEncodeAsciiArray(char[], int, byte[], int, int)>
 BuboLoopMakers: 

Block 12
  Successors:
    -> 13
    -> 24
  Predecessors:
    <- 7
    <- 10
  In loop: <none>
  Source positions in block:
    HotSpotMethod<StringCoding.implEncodeAsciiArray(char[], int, byte[], int, int)>
 BuboLoopMakers: 

Block 13
  Successors:
    -> 14
    -> 23
  Predecessors:
    <- 12
  In loop: <none>
  Source positions in block:
    HotSpotMethod<StringCoding.implEncodeAsciiArray(char[], int, byte[], int, int)>
 BuboLoopMakers: 

Block 14
  Successors:
    -> 15
    -> 22
  Predecessors:
    <- 13
  In loop: <none>
  Source positions in block:
    HotSpotMethod<StringCoding.implEncodeAsciiArray(char[], int, byte[], int, int)>
 BuboLoopMakers: 

Block 15
  Successors:
    -> 16
  Predecessors:
    <- 14
  In loop: <none>
  Source positions in block:
    HotSpotMethod<StringCoding.implEncodeAsciiArray(char[], int, byte[], int, int)>
 BuboLoopMakers: 

Block 16
  Successors:
    -> 17
    -> 19
  Predecessors:
    <- 15
    <- 18
  In loop: L0
  Source positions in block:
    HotSpotMethod<BuboAgentCompilerMarkers.Marker0()>
 BuboLoopMakers: 

Block 17
  Successors:
    -> 18
    -> 21
  Predecessors:
    <- 16
  In loop: L0
  Source positions in block:
    HotSpotMethod<BuboAgentCompilerMarkers.Marker0()>
 BuboLoopMakers: 

Block 18
  Successors:
    -> 16
  Predecessors:
    <- 17
  In loop: L0
  Source positions in block:
    HotSpotMethod<BuboAgentCompilerMarkers.Marker0()>
 BuboLoopMakers: 

Block 19
  Successors:
    -> 20
  Predecessors:
    <- 16
  In loop: <none>
  Source positions in block:
    HotSpotMethod<StringCoding.implEncodeAsciiArray(char[], int, byte[], int, int)>
 BuboLoopMakers: 

Block 20
  Successors:
  Predecessors:
    <- 19
    <- 1
  In loop: <none>
  Source positions in block:
    HotSpotMethod<StringCoding.implEncodeAsciiArray(char[], int, byte[], int, int)>
 BuboLoopMakers: 

Block 21
  Successors:
  Predecessors:
    <- 17
  In loop: <none>
  Source positions in block:
    HotSpotMethod<StringCoding.implEncodeAsciiArray(char[], int, byte[], int, int)>
 BuboLoopMakers: 

Block 22
  Successors:
    -> 29
  Predecessors:
    <- 14
  In loop: <none>
  Source positions in block:
    HotSpotMethod<StringCoding.implEncodeAsciiArray(char[], int, byte[], int, int)>
 BuboLoopMakers: 

Block 23
  Successors:
    -> 29
  Predecessors:
    <- 13
  In loop: <none>
  Source positions in block:
    HotSpotMethod<StringCoding.implEncodeAsciiArray(char[], int, byte[], int, int)>
 BuboLoopMakers: 

Block 24
  Successors:
    -> 29
  Predecessors:
    <- 12
  In loop: <none>
  Source positions in block:
    HotSpotMethod<StringCoding.implEncodeAsciiArray(char[], int, byte[], int, int)>
 BuboLoopMakers: 

Block 25
  Successors:
    -> 29
  Predecessors:
    <- 10
  In loop: <none>
  Source positions in block:
    HotSpotMethod<StringCoding.implEncodeAsciiArray(char[], int, byte[], int, int)>
 BuboLoopMakers: 

Block 26
  Successors:
    -> 29
  Predecessors:
    <- 9
  In loop: <none>
  Source positions in block:
    HotSpotMethod<StringCoding.implEncodeAsciiArray(char[], int, byte[], int, int)>
 BuboLoopMakers: 

Block 27
  Successors:
    -> 29
  Predecessors:
    <- 5
  In loop: <none>
  Source positions in block:
    HotSpotMethod<StringCoding.implEncodeAsciiArray(char[], int, byte[], int, int)>
 BuboLoopMakers: 

Block 28
  Successors:
    -> 29
  Predecessors:
    <- 4
  In loop: <none>
  Source positions in block:
    HotSpotMethod<StringCoding.implEncodeAsciiArray(char[], int, byte[], int, int)>
 BuboLoopMakers: 

Block 29
  Successors:
  Predecessors:
    <- 28
    <- 26
    <- 24
    <- 23
    <- 22
    <- 27
    <- 25
  In loop: <none>
  Source positions in block:
    HotSpotMethod<StringCoding.implEncodeAsciiArray(char[], int, byte[], int, int)>
 BuboLoopMakers: 

=== End HumphreysDebugDataPhase ===
java.lang.StringCoding.implEncodeAsciiArray(char[], int, byte[], int, int)int -1 graphSignature differs bc8f20c8c772d3cc0eaba9b68bcd84047d761ba16a7aeb64fe90c36d37dcccb7 != 3bdd078c3a9d60d7eff24b6603d8a355db817965321aded167eb2387bae94eb4
Mandelbrot: iterations=448 runtime: 129483us
Mandelbrot: iterations=449 runtime: 139812us
Mandelbrot: iterations=450 runtime: 129493us
Mandelbrot: iterations=451 runtime: 129524us
Mandelbrot: iterations=452 runtime: 129530us
Mandelbrot: iterations=453 runtime: 129542us
Mandelbrot: iterations=454 runtime: 129537us
Mandelbrot: iterations=455 runtime: 129496us
Mandelbrot: iterations=456 runtime: 129464us
Mandelbrot: iterations=457 runtime: 129629us
Mandelbrot: iterations=458 runtime: 129805us
Mandelbrot: iterations=459 runtime: 130243us
Mandelbrot: iterations=460 runtime: 129518us
Mandelbrot: iterations=461 runtime: 129459us
Mandelbrot: iterations=462 runtime: 129496us
Mandelbrot: iterations=463 runtime: 129461us
Mandelbrot: iterations=464 runtime: 129456us
Mandelbrot: iterations=465 runtime: 129441us
Mandelbrot: iterations=466 runtime: 129843us
Mandelbrot: iterations=467 runtime: 129885us
Mandelbrot: iterations=468 runtime: 129781us
Mandelbrot: iterations=469 runtime: 129496us
Mandelbrot: iterations=470 runtime: 130404us
Mandelbrot: iterations=471 runtime: 129516us
Mandelbrot: iterations=472 runtime: 129443us
Mandelbrot: iterations=473 runtime: 129598us
Mandelbrot: iterations=474 runtime: 129466us
Mandelbrot: iterations=475 runtime: 129484us
Mandelbrot: iterations=476 runtime: 129421us
Mandelbrot: iterations=477 runtime: 129476us
Mandelbrot: iterations=478 runtime: 129572us
Mandelbrot: iterations=479 runtime: 129474us
Mandelbrot: iterations=480 runtime: 129792us
Mandelbrot: iterations=481 runtime: 130094us
Mandelbrot: iterations=482 runtime: 129681us
Mandelbrot: iterations=483 runtime: 130265us
Mandelbrot: iterations=484 runtime: 130099us
Mandelbrot: iterations=485 runtime: 129572us
Mandelbrot: iterations=486 runtime: 129629us
Mandelbrot: iterations=487 runtime: 129576us
Mandelbrot: iterations=488 runtime: 129575us
Mandelbrot: iterations=489 runtime: 129551us
Mandelbrot: iterations=490 runtime: 129500us
Mandelbrot: iterations=491 runtime: 130602us
Mandelbrot: iterations=492 runtime: 129520us
Mandelbrot: iterations=493 runtime: 129733us
Mandelbrot: iterations=494 runtime: 129711us
Mandelbrot: iterations=495 runtime: 129632us
Mandelbrot: iterations=496 runtime: 129871us
Mandelbrot: iterations=497 runtime: 129673us
Mandelbrot: iterations=498 runtime: 129594us
Mandelbrot: iterations=499 runtime: 129509us
Mandelbrot: iterations=500 runtime: 129648us
Could not locate BlockSlowdown.json
Skipping Loading (this might cause a fatal crash if GTSlowdown is on)
=== HumphreysDebugDataPhase ===
Compilation: 145-jdk.internal.constant.ClassOrInterfaceDescImpl.isClassOrInterface()
Number of loops: 0

Block 0
  Successors:
  Predecessors:
  In loop: <none>
  Source positions in block:
    HotSpotMethod<ClassOrInterfaceDescImpl.isClassOrInterface()>
 BuboLoopMakers: 

=== End HumphreysDebugDataPhase ===
=== HumphreysDebugDataPhase ===
Compilation: 146-jdk.internal.classfile.impl.AbstractPoolEntry.hashCode()
Number of loops: 0

Block 0
  Successors:
  Predecessors:
  In loop: <none>
  Source positions in block:
    HotSpotMethod<AbstractPoolEntry.hashCode()>
 BuboLoopMakers: 

=== End HumphreysDebugDataPhase ===
=== HumphreysDebugDataPhase ===
Compilation: 147-jdk.internal.constant.PrimitiveClassDescImpl.descriptorString()
Number of loops: 0

Block 0
  Successors:
  Predecessors:
  In loop: <none>
  Source positions in block:
    HotSpotMethod<PrimitiveClassDescImpl.descriptorString()>
 BuboLoopMakers: 

=== End HumphreysDebugDataPhase ===
=== HumphreysDebugDataPhase ===
Compilation: 148-jdk.internal.classfile.impl.AbstractPoolEntry$ClassEntryImpl.tag()
Number of loops: 0

Block 0
  Successors:
  Predecessors:
  In loop: <none>
  Source positions in block:
    HotSpotMethod<AbstractPoolEntry$ClassEntryImpl.tag()>
 BuboLoopMakers: 

=== End HumphreysDebugDataPhase ===
=== HumphreysDebugDataPhase ===
Compilation: 153-java.lang.Class.getComponentType()
Number of loops: 0

Block 0
  Successors:
  Predecessors:
  In loop: <none>
  Source positions in block:
    HotSpotMethod<Class.getComponentType()>
 BuboLoopMakers: 

=== End HumphreysDebugDataPhase ===
Mandelbrot: iterations=500 average: 129674us total: 64837231us


=== HumphreysDebugDataPhase ===
Compilation: 155-java.lang.invoke.MethodTypeForm.parameterSlotCount()
Number of loops: 0

Block 0
  Successors:
  Predecessors:
  In loop: <none>
  Source positions in block:
    HotSpotMethod<MethodTypeForm.parameterSlotCount()>
 BuboLoopMakers: 

=== End HumphreysDebugDataPhase ===
Total Runtime: 64837231us
Bubo.RDTSC.Harness.main Total RDTSC cycles: 215547558314
